# {"t_start": 1587196402.1431844, "env_id": "MiniGrid-Empty-16x16-v0"} 
r,l,t
0,1024,9.705292
0.322363,771,15.87966
0,1024,23.722265
0.153613,963,30.853991
0,1024,38.76461
0,1024,46.543843
0,1024,54.413717
0,1024,62.165627
0,1024,69.983031
0,1024,78.199462
0.51748,549,82.313233
0.602734,452,85.931547
0.143945,974,93.012538
0,1024,100.84195
0.637891,412,104.278571
0.661621,385,107.363216
0.378613,707,112.456549
0.608887,445,116.063989
0.89541,119,116.911487
0.758301,275,118.858513
0.588672,468,122.217432
0.671289,374,125.069345
0.941992,66,125.757407
0.923535,87,126.473501
0.525391,540,130.544201
0.909473,103,131.3454
0.786426,243,132.869358
0.957812,48,133.46579
0.889258,126,134.38391
0.864648,154,135.456889
0.923535,87,136.244033
0.645801,403,139.231734
0.869043,149,140.258717
0.970117,34,140.401461
0.957812,48,140.974931
0.937598,71,141.289768
0.173828,940,148.679165
0.830371,193,149.949509
0.957812,48,150.155362
0.962207,43,150.749372
0.746875,288,152.857019
0.86377,155,153.907218
0.216016,892,160.633876
0.948145,59,161.262734
0.684473,359,163.611466
0.965723,39,164.171064
0.891895,123,165.077049
0.897168,117,165.98509
0.537695,526,170.006673
0.962207,43,170.191672
0.621191,431,173.324614
0.937598,71,174.00407
0.892773,122,174.920923
0.899805,114,175.837156
0.912109,100,176.652249
0.532422,532,180.441548
0.838281,184,181.613064
0.963965,41,182.143727
0.949902,57,182.395976
0.869922,148,183.454144
0.891016,124,184.372531
0.873437,144,185.354328
0.962207,43,185.907185
0.438379,639,190.650912
0.939355,69,190.95809
0.448047,628,195.557276
0.971875,32,195.69339
0.804883,222,197.428947
0.953418,53,197.674414
0.772363,259,199.522244
0.817187,208,201.207913
0.913867,98,202.011592
0.82334,201,203.341375
0.665137,381,206.215199
0.909473,103,207.057635
0.958691,47,207.616809
0.874316,143,208.652553
0.891016,124,209.598522
0.17207,942,216.395442
0.593945,462,220.103927
0.917383,94,220.547324
0.874316,143,221.693608
0.845313,176,223.250206
0.743359,292,225.319805
0.886621,129,226.31628
0.949902,57,227.051977
0.665137,381,229.795032
0.846191,175,231.062377
0.834766,188,232.308919
0.940234,68,233.002302
0.933203,76,233.66354
0.587793,469,236.979407
0.664258,382,239.885738
0.862891,156,240.92859
0.890137,125,241.856351
0.958691,47,242.4632
0.767969,264,244.434463
0.883984,132,245.471431
0.954297,52,245.694242
0.805762,221,247.626609
0.968359,36,247.811049
0.642285,407,250.800786
0.919141,92,251.587918
0.355762,733,257.143095
0.452441,623,261.967093
0.971875,32,262.130698
0.361035,727,267.644188
0.942871,65,267.932197
0.91123,101,268.837124
0.95166,55,269.073717
0.462988,611,273.814907
0.405859,676,278.719073
0.861133,158,280.156631
0.933203,76,280.490477
0.506055,562,284.981209
0.929688,80,285.329805
0.289844,808,291.773175
0.669531,376,294.754971
0.867285,151,295.814988
0.87959,137,296.841164
0.964844,40,297.010659
0.528906,536,301.235816
0.533301,531,305.105025
0.892773,122,306.034361
0.677441,367,308.748919
0.564062,496,312.555889
0.752148,282,314.683845
0.946387,61,315.331671
0.966602,38,315.499238
0.733691,303,317.735927
0.814551,211,319.412945
0.851465,169,320.539786
0.966602,38,321.101257
0.533301,531,325.086994
0.965723,39,325.266271
0.941992,66,325.927318
0.929688,80,326.274483
0.920898,90,327.094375
0.973633,30,327.224893
0.813672,212,328.89136
0.968359,36,329.044476
0.528906,536,333.253397
0.844434,177,334.984062
0.61416,439,338.220764
0.970996,33,338.360973
0.929688,80,339.143277
0.96748,37,339.299045
0.829492,194,340.900964
0.938477,70,341.205099
0.966602,38,341.83054
0.968359,36,342.045273
0.85498,165,343.086529
0.600977,454,346.710088
0.926172,84,347.405984
0.481445,590,351.689663
0.970117,34,351.834121
0.833008,190,353.576262
0.857617,162,354.698219
0.818066,207,356.368295
0.44541,631,361.254941
0.539453,524,365.106733
0.937598,71,365.410434
0.773242,258,367.282673
0.96748,37,367.869702
0.908594,104,368.329067
0.963086,42,368.976966
0.946387,61,369.23795
0,1024,376.926366
0.92793,82,377.739102
0.949023,58,377.995478
0.849707,171,379.464664
0.79873,229,380.933809
0.972754,31,381.450737
0.787305,242,383.293774
0.960449,45,383.488854
0.956055,50,383.699096
0.835645,187,385.374389
0.961328,44,385.591316
0.613281,440,388.994996
0.965723,39,389.192844
0.939355,69,389.48695
0.794336,234,391.485265
0.80752,219,393.222917
0.870801,147,394.326319
0.874316,143,395.279269
0.631738,419,398.511439
0.927051,83,399.040341
0.637891,412,402.137527
0.95957,46,402.703654
0.921777,89,403.103699
0.931445,78,403.938716
0.966602,38,404.130701
0.491113,579,408.750103
0.969238,35,408.899409
0.969238,35,409.048269
0.570215,489,412.844461
0.937598,71,413.521798
0.397949,685,418.487886
0.477051,595,423.031698
0.955176,51,423.251218
0.856738,163,424.451724
0.673926,371,427.335204
0.964844,40,427.903016
0.877832,139,428.905056
0.947266,60,429.174003
0.862012,157,430.224616
0.826855,197,431.917163
0.939355,69,432.605311
0.888379,127,433.563432
0.923535,87,433.984444
0.870801,147,435.016801
0.787305,242,436.845567
0.964844,40,437.410577
0.818945,206,438.789026
0.946387,61,439.418801
0.964844,40,439.597588
0.492871,577,443.759177
0.516602,550,448.11944
0.85498,165,449.298604
0.462109,612,454.007703
0.630859,420,457.278512
0.789941,239,459.090599
0.882227,134,460.040262
0.796094,232,461.898881
0.95166,55,462.134462
0.842676,179,463.739275
0.822461,202,465.080054
0.563184,497,468.828961
0.259961,842,475.22408
0.861133,158,476.313276
0.781152,249,478.255452
0.944629,63,478.524489
0.867285,151,479.90131
0.96748,37,480.092415
0.93584,73,480.401236
0.441895,635,485.279925
0.847949,173,486.944677
0.828613,195,488.218343
0.96748,37,488.850189
0.829492,194,490.182168
0.800488,227,491.932043
0.947266,60,492.197788
0.891895,123,493.186759
0.974512,29,493.320888
0.836523,186,494.904594
0.919141,92,495.695305
0.762695,270,497.838692
0.708203,332,500.128466
0.845313,176,501.684802
0.904199,109,502.619902
0.821582,203,503.937038
0.855859,164,504.992183
0.963965,41,505.560257
0.883105,133,506.516787
0.571973,487,510.424488
0.673926,371,513.155938
0.834766,188,514.408497
0.974512,29,514.534258
0.920898,90,515.340388
0.8875,128,516.279713
0.95166,55,516.511232
0.946387,61,517.186145
0.853223,167,518.380881
0.84707,174,519.619572
0.883105,133,520.891423
0.970996,33,521.083102
0.934961,74,521.460145
0.811914,214,523.236346
0.838281,184,524.418539
0.948145,59,525.053498
0.845313,176,526.187253
0.901563,112,527.073451
0.701172,340,529.714051
0.974512,29,529.839302
0.900684,113,530.725478
0.960449,45,530.920517
0.797852,230,532.74461
0.632617,418,535.751056
0.716992,322,538.367671
0.65459,393,541.219446
0.95957,46,541.411381
0.908594,104,542.259254
0.667773,378,545.057618
0.766211,266,547.065979
0.975391,28,547.185948
0.907715,105,548.070607
0.736328,300,550.466092
0.881348,135,551.54906
0.746875,288,553.674031
0.852344,168,554.800121
0.901563,112,555.631187
0.897168,117,556.542544
0.96748,37,556.696644
0.94375,64,557.350391
0.696777,345,559.798907
0.792578,236,561.602151
0.947266,60,562.243449
0.969238,35,562.404279
0.891016,124,563.460943
0.776758,254,565.283807
0.711719,328,567.853032
0.469141,604,572.07295
0.669531,376,575.012099
0.69502,347,577.915422
0.968359,36,578.068339
0.94375,64,578.739188
0.957812,48,578.956005
0.881348,135,580.05394
0.816309,209,581.748087
0.928809,81,582.101871
0.929688,80,582.845464
0.920898,90,583.746453
0.912988,99,584.172094
0.975391,28,584.698221
0.769727,262,586.666449
0.97627,27,586.780909
0.694141,348,589.473425
0.39707,686,594.382101
0.945508,62,594.990293
0.705566,335,597.240706
0.890137,125,598.144798
0.870801,147,599.193729
0.872559,145,600.194616
0.552637,509,604.058076
0.877832,139,605.126217
0.972754,31,605.663229
0.958691,47,605.898927
0.905078,108,606.746122
0.789941,239,608.576177
0.398828,684,613.628379
0.973633,30,613.78513
0.974512,29,614.275915
0.975391,28,614.42161
0.971875,32,614.560862
0.956055,50,614.8129
0.975391,28,615.297742
0.936719,72,615.607919
0.937598,71,616.304875
0.779395,251,618.409176
0.736328,300,620.522474
0.829492,194,622.1565
0.845313,176,623.402831
0.432227,646,628.410191
0.893652,121,629.373207
0.937598,71,630.016999
0.740723,295,632.124636
0.954297,52,632.349988
0.941992,66,633.033357
0.950781,56,633.336037
0.896289,118,634.358323
0.970117,34,634.503526
0.972754,31,634.990737
0.972754,31,635.142936
0.972754,31,635.275314
0.963086,42,635.457677
0.957812,48,636.041779
0.844434,177,637.221179
0.762695,270,639.249754
0.79873,229,641.099518
0.945508,62,641.712033
0.920898,90,642.162763
0.792578,236,643.929889
0.975391,28,644.049939
0.963965,41,644.612242
0.79082,238,646.113117
0.954297,52,646.735126
0.709961,330,649.046044
0.85498,165,650.689747
0.934082,75,651.040239
0.954297,52,651.611595
0.97627,27,651.727652
0.969238,35,651.880025
0.950781,56,652.516568
0.963965,41,652.729054
0.957812,48,652.98417
0.878711,138,653.979061
0.862891,156,655.528636
0.836523,186,656.738194
0.425195,654,661.519401
0.67832,366,664.318213
0.637012,413,667.541895
0.661621,385,670.500084
0.735449,301,672.921824
0.973633,30,673.054285
0.836523,186,674.227671
0.655469,392,677.16577
0.910352,102,677.988287
0.95957,46,678.628441
0.855859,164,679.765924
0.735449,301,682.062495
0.872559,145,683.073829
0.796973,231,684.928272
0.906836,106,685.851371
0.92002,91,686.650834
0.916504,95,687.060309
0.755664,278,689.490135
0.948145,59,689.764148
0.760938,272,691.7533
0.912109,100,692.547327
0.960449,45,692.739559
0.96748,37,693.245422
0.974512,29,693.388887
0.797852,230,695.142298
0.955176,51,695.372005
0.905078,108,696.250998
0.702051,339,698.909225
0.881348,135,699.935397
0.674805,370,702.274303
0.953418,53,702.941138
0.789941,239,704.871936
0.829492,194,706.077278
0.546484,516,710.106794
0.745117,290,712.878185
0.832129,191,714.250843
0.571973,487,718.015341
0.757422,276,720.053074
0.869922,148,721.105249
0.852344,168,722.209296
0.958691,47,722.824664
0.525391,540,726.889843
0.84707,174,728.023231
0.626465,425,731.353038
0.921777,89,731.734908
0.970117,34,732.228615
0.974512,29,732.353103
0.888379,127,733.29443
0.902441,111,734.180313
0.930566,79,734.519178
0.771484,260,736.430391
0.974512,29,736.943565
0.709082,331,739.145723
0.95166,55,739.781429
0.627344,424,742.761188
0.920898,90,743.53153
0.970996,33,743.673089
0.95957,46,743.867598
0.87959,137,744.855617
0.824219,200,746.492782
0.97627,27,746.60655
0.757422,276,748.572369
0.942871,65,749.24867
0.963086,42,749.427334
0.653711,394,752.273696
0.720508,318,754.833312
0.841797,180,755.983977
0.650195,398,758.857566
0.663379,383,761.690586
0.676562,368,764.751952
0.794336,234,766.522636
0.950781,56,766.759793
0.956934,49,767.343049
0.783789,246,769.181774
0.687988,355,771.579949
0.439258,638,776.510483
0.464746,609,781.258739
0.810156,216,783.199383
0.804004,223,784.941012
0.953418,53,785.178528
0.95166,55,785.412083
0.961328,44,785.972438
0.963086,42,786.148927
0.968359,36,786.31281
0.828613,195,788.054007
0.932324,77,788.78063
0.784668,245,790.401538
0.853223,167,791.984134
0.75127,283,794.075922
0.677441,367,796.869883
0.84707,174,798.054576
0.969238,35,798.205395
0.883105,133,799.491835
0.719629,319,801.752891
0.954297,52,801.971804
0.609766,444,805.452391
0.814551,211,807.177274
0.882227,134,808.165933
0.896289,118,809.034919
0.973633,30,809.227661
0.884863,131,810.235194
0.851465,169,811.329932
0.900684,113,812.198443
0.917383,94,812.993713
0.971875,32,813.133651
0.567578,492,816.894434
0.896289,118,817.786447
0.861133,158,818.888858
0.965723,39,819.061409
0.532422,532,823.209066
0.933203,76,823.971966
0.702051,339,826.66245
0.962207,43,826.85226
0.86377,155,827.917189
0.91123,101,828.726259
0.965723,39,828.8938
0.865527,153,829.921678
0.950781,56,830.538834
0.966602,38,830.711424
0.965723,39,831.215967
0.969238,35,831.403536
0.452441,623,836.10976
0.937598,71,836.440528
0.868164,150,837.603198
0.779395,251,839.621395
0.766211,266,841.72174
0.971875,32,842.237094
0.725781,312,844.380235
0.789062,240,846.333273
0.707324,333,848.912579
0.712598,327,851.174967
0.971875,32,851.325185
0.956055,50,851.928369
0.94375,64,852.20629
0.950781,56,852.828053
0.925293,85,853.190923
0.912988,99,854.010242
0.79873,229,855.764031
0.940234,68,856.057197
0.882227,134,857.466428
0.860254,159,858.687296
0.963965,41,858.865038
0.600098,455,862.431521
0.375977,710,867.685111
0.95957,46,868.233845
0.898047,116,868.773146
0.833008,190,870.438282
0.917383,94,871.297107
0.96748,37,871.45637
0.648438,400,874.325596
0.95957,46,874.541642
0.929688,80,875.397891
0.960449,45,875.589154
0.889258,126,876.491431
0.813672,212,878.159267
0.90332,110,879.157362
0.516602,550,883.150172
0.897168,117,884.055784
0.79873,229,885.784957
0.941992,66,886.064823
0.956055,50,886.713442
0.973633,30,886.843128
0.972754,31,886.973439
0.91123,101,887.841719
0.840918,181,889.328789
0.85498,165,890.5392
0.883105,133,891.548581
0.964844,40,891.71885
0.905078,108,892.556606
0.783789,246,894.409174
0.909473,103,895.211072
0.961328,44,895.400156
0.299512,797,901.514567
0.949023,58,902.252039
0.972754,31,902.420605
0.695898,346,905.044362
0.827734,196,906.298344
0.95166,55,906.915927
0.927051,83,907.28264
0.663379,383,910.136382
0.898047,116,911.028047
0.963086,42,911.54647
0.974512,29,911.721966
0.970996,33,911.862507
0.877832,139,912.848224
0.896289,118,913.757428
0.906836,106,914.61733
0.963965,41,914.796181
0.965723,39,914.962971
0.914746,97,915.747826
0.83125,192,917.32997
0.952539,54,917.558415
0.856738,163,918.801233
0.958691,47,919.34822
0.901563,112,920.239381
0.950781,56,920.501502
0.94375,64,921.148224
0.653711,394,924.022125
0.964844,40,924.192272
0.954297,52,924.411282
0.975391,28,924.918257
0.970117,34,925.107718
0.81543,210,926.740402
0.406738,675,931.649554
0.419043,661,936.617026
0.914746,97,937.49939
0.956055,50,937.714404
0.894531,120,938.731192
0.827734,196,940.32159
0.905957,107,940.802248
0.554395,507,944.655594
0.719629,319,947.245265
0.694141,348,949.888662
0.300391,796,955.750739
0.974512,29,955.873667
0.629102,422,958.98009
0.882227,134,959.906387
0.963965,41,960.457766
0.802246,225,961.82591
0.833008,190,963.494343
0.62998,421,966.603732
0.824219,200,968.29145
0.637012,413,971.345408
0.572852,486,975.060719
0.2125,896,981.942143
0.963086,42,982.164951
0.878711,138,983.167926
0.955176,51,983.859733
0.841797,180,985.053573
0.883984,132,986.082117
0.837402,185,987.55817
0.849707,171,988.939628
0.906836,106,989.781668
0.970996,33,989.930234
0.956055,50,990.140908
0.663379,383,993.057143
0.941113,67,993.850785
0.975391,28,993.970229
0.970117,34,994.114119
0.95957,46,994.804877
0.852344,168,995.913756
0.701172,340,998.556282
0.966602,38,998.731247
0.975391,28,998.850747
0.775879,255,1000.817607
0.872559,145,1001.829907
0.975391,28,1002.284859
0.843555,178,1003.580113
0.958691,47,1003.777311
0.873437,144,1004.770933
0.97627,27,1005.251583
0.877832,139,1006.260716
0.974512,29,1006.386752
0.372461,714,1011.438059
0.878711,138,1012.847661
0.954297,52,1013.170938
0.966602,38,1013.338259
0.973633,30,1013.900493
0.639648,410,1017.041902
0.584277,473,1020.410516
0.975391,28,1020.902423
0.908594,104,1021.361061
0.867285,151,1022.857183
0.797852,230,1024.317274
0.52627,539,1028.616866
0.84707,174,1029.738713
0.96748,37,1029.896577
0.80752,219,1031.673571
0.75127,283,1033.700995
0.822461,202,1035.455533
0.617676,435,1038.606183
0.925293,85,1039.453407
0.970117,34,1039.600733
0.851465,169,1040.73387
0.81543,210,1042.547915
0.971875,32,1042.689778
0.693262,349,1045.412993
0.827734,196,1047.097822
0.836523,186,1048.513887
0.757422,276,1050.526691
0.914746,97,1051.345829
0.840918,181,1052.596313
0.96748,37,1053.16222
0.936719,72,1053.474854
0.746875,288,1055.423935
0.791699,237,1057.354193
0.780273,250,1059.371493
0.906836,106,1060.349475
0.956934,49,1060.56087
0.893652,121,1061.465926
0.888379,127,1062.475966
0.845313,176,1064.09183
0.308301,787,1069.992593
0.886621,129,1071.072015
0.771484,260,1073.11733
0.948145,59,1073.368276
0.949902,57,1074.019446
0.947266,60,1074.300751
0.6625,384,1077.104093
0.946387,61,1077.770457
0.898926,115,1078.695004
0.761816,271,1080.657732
0.557031,504,1084.519844
0.200195,910,1091.347164
0.636133,414,1094.34865
0.968359,36,1094.502054
0.697656,344,1097.183654
0.956055,50,1097.394131
0.961328,44,1098.065562
0.95957,46,1098.266063
0.956934,49,1098.83622
0.813672,212,1100.264791
0.952539,54,1100.886697
0.840039,182,1102.117517
0.826855,197,1103.70322
0.975391,28,1103.845134
0.940234,68,1104.142625
0.912988,99,1104.947802
0.692383,350,1107.609882
0.806641,220,1109.402305
0.828613,195,1110.620869
0.963086,42,1110.804717
0.884863,131,1111.835993
0.700293,341,1114.651475
0.708203,332,1117.447043
0.955176,51,1117.668347
0.557031,504,1121.491506
0.929688,80,1122.226426
0.866406,152,1123.298269
0.865527,153,1124.388787
0.973633,30,1124.541804
0.960449,45,1125.233722
0.933203,76,1125.569217
0.825977,198,1127.194702
0.856738,163,1128.257697
0.971875,32,1128.394426
0.95166,55,1129.039442
0.500781,568,1133.064352
0.975391,28,1133.184172
0.705566,335,1135.753937
0.973633,30,1135.883087
0.608887,445,1139.607502
0.848828,172,1140.837397
0.846191,175,1141.985497
0.801367,226,1143.733718
0.893652,121,1144.636966
0.679199,365,1147.433222
0.905078,108,1148.303576
0.968359,36,1148.47047
0.923535,87,1149.222249
0.944629,63,1149.513184
0.85498,165,1151.173438
0.72666,311,1153.417301
0.95957,46,1153.611668
0.897168,117,1154.604287
0.547363,515,1158.531371
0.963965,41,1159.079048
0.94375,64,1159.368069
0.867285,151,1160.402169
0.964844,40,1160.940059
0.954297,52,1161.199643
0.901563,112,1162.058208
0.929688,80,1162.79864
0.913867,98,1163.22634
0.933203,76,1163.95519
0.386523,698,1168.883825
0.385645,699,1174.317182
0.927051,83,1174.713638
0.954297,52,1175.327899
0.900684,113,1176.339481
0.941113,67,1176.639524
0.87959,137,1177.718662
0.905078,108,1178.581747
0.972754,31,1178.722519
0.927051,83,1179.509196
0.800488,227,1181.246041
0.873437,144,1182.217162
0.833887,189,1183.506168
0.589551,467,1187.259268
0.478809,593,1191.895263
0.543848,519,1195.918704
0.779395,251,1197.794765
0.814551,211,1199.166153
0.799609,228,1201.007352
0.975391,28,1201.136107
0.957812,48,1201.741209
0.84707,174,1202.963434
0.900684,113,1203.834422
0.86377,155,1204.883116
0.945508,62,1205.540321
0.612402,441,1208.60425
0.963086,42,1208.784802
0.95957,46,1209.450586
0.970996,33,1209.589897
0.761816,271,1211.523268
0.71875,320,1214.17891
0.832129,191,1215.459144
0.936719,72,1216.158517
0.93584,73,1216.468255
0.859375,160,1217.920606
0.818066,207,1219.206669
0.937598,71,1219.861047
0.962207,43,1220.04587
0.735449,301,1222.25258
0.114941,1007,1229.6812
0.963965,41,1230.227465
0.922656,88,1230.609396
0.612402,441,1234.273387
0.942871,65,1234.585278
0.956934,49,1235.17596
0.473535,599,1239.71634
0.841797,180,1241.258506
0.772363,259,1243.245951
0.974512,29,1243.369819
0.683594,360,1246.046891
0.904199,109,1246.895277
0.506934,561,1250.843945
0.949023,58,1251.092407
0.592187,464,1254.672058
0.964844,40,1254.860677
0.925293,85,1255.6223
0.512207,555,1259.679424
0.76709,265,1261.569243
0.775879,255,1263.451475
0.855859,164,1264.924361
0.888379,127,1265.863361
0.930566,79,1266.205451
0.902441,111,1267.165449
0.68623,357,1269.955601
0.868164,150,1270.984491
0.550879,511,1274.873167
0.972754,31,1275.004673
0.96748,37,1275.539544
0.83916,183,1276.731941
0.968359,36,1276.884043
0.934082,75,1277.596097
0.972754,31,1277.738778
0.973633,30,1278.204911
0.82334,201,1279.508486
0.84707,174,1280.72468
0.856738,163,1282.225299
0.652832,395,1285.102094
0.949902,57,1285.442428
0.968359,36,1285.95465
0.907715,105,1286.44768
0.443652,633,1291.321113
0.330273,762,1297.091782
0.940234,68,1297.778069
0.960449,45,1297.970124
0.82334,201,1299.690742
0.725781,312,1301.814137
0.885742,130,1302.75948
0.966602,38,1302.922013
0.948145,59,1303.595792
0.961328,44,1303.784883
0.848828,172,1305.320526
0.833887,189,1306.538652
0.95166,55,1306.77155
0.833008,190,1308.38021
0.730176,307,1310.4926
0.804883,222,1312.286517
0.932324,77,1312.995294
0.927051,83,1313.412122
0.969238,35,1313.980322
0.82334,201,1315.242347
0.972754,31,1315.3749
0.941992,66,1316.055321
0.945508,62,1316.394775
0.941992,66,1317.08714
0.956055,50,1317.302791
0.877832,139,1318.332783
0.844434,177,1319.907505
0.701172,340,1322.164747
0.910352,102,1323.001675
0.885742,130,1323.951493
0.728418,309,1326.431088
0.899805,114,1327.272271
0.862891,156,1328.350803
0.934961,74,1328.700019
0.934082,75,1329.496883
0.856738,163,1330.654663
0.560547,500,1334.553966
0.890137,125,1335.535661
0.789062,240,1337.357299
0.884863,131,1338.384393
0.901563,112,1339.2201
0.953418,53,1339.444786
0.801367,226,1341.311577
0.962207,43,1341.527893
0.717871,321,1344.080897
0.952539,54,1344.331987
0.972754,31,1344.937544
0.909473,103,1345.426106
0.856738,163,1347.041126
0.97627,27,1347.167204
0.838281,184,1348.330641
0.949902,57,1348.991648
0.972754,31,1349.123927
0.955176,51,1349.341756
0.778516,252,1351.172369
0.969238,35,1351.694035
0.75127,283,1353.753437
0.941113,67,1354.086136
0.369824,717,1359.818826
0.843555,178,1361.001237
0.913867,98,1361.92173
0.623828,428,1365.071562
0.904199,109,1365.91884
0.451562,624,1370.590497
0.845313,176,1372.143057
0.714355,325,1374.288347
0.796973,231,1376.053496
0.890137,125,1376.933092
0.853223,167,1378.044917
0.818945,206,1379.765652
0.210742,898,1386.70866
0.97627,27,1386.833292
0.848828,172,1388.097804
0.659863,387,1390.957446
0.754785,279,1393.48034
0.970117,34,1393.645198
0.789941,239,1395.52483
0.640527,409,1398.450694
0.937598,71,1398.754918
0.916504,95,1399.530923
0.91123,101,1400.325142
0.926172,84,1401.05454
0.719629,319,1403.214896
0.41377,667,1408.217828
0.835645,187,1409.810162
0.868164,150,1410.975997
0.91123,101,1411.788954
0.866406,152,1412.920856
0.647559,401,1415.80234
0.682715,361,1418.600332
0.833887,189,1419.872953
0.694141,348,1422.661014
0.96748,37,1422.845992
0.859375,160,1424.326075
0.893652,121,1425.21979
0.827734,196,1426.462788
0.901563,112,1427.437478
0.848828,172,1428.652489
0.811914,214,1430.431465
0.917383,94,1431.226072
0.731934,305,1433.423032
0.940234,68,1434.200753
0.971875,32,1434.343864
0.938477,70,1434.657862
0.773242,258,1436.660672
0.87168,146,1438.209508
0.948145,59,1438.509767
0.849707,171,1439.625768
0.92002,91,1440.472037
0.957812,48,1441.03506
0.963965,41,1441.266487
0.913867,98,1442.065349
0.952539,54,1442.317604
0.866406,152,1443.408961
0.629102,422,1446.816983
0.652832,395,1449.675704
0.952539,54,1449.921762
0.898926,115,1450.817986
0.962207,43,1451.03629
0.944629,63,1451.744723
0.78291,247,1453.773462
0.506934,561,1457.886086
0.749512,285,1460.217062
0.928809,81,1460.93924
0.898926,115,1461.836842
0.944629,63,1462.135113
0.656348,391,1465.219364
0.922656,88,1466.019403
0.870801,147,1467.113581
0.660742,386,1469.93963
0.867285,151,1470.976232
0.474414,598,1475.603106
0.969238,35,1475.758298
0.869922,148,1476.827916
0.857617,162,1478.39191
0.770605,261,1480.292758
0.821582,203,1481.658916
0.906836,106,1482.502695
0.723145,315,1485.009134
0.904199,109,1485.879913
0.975391,28,1486.038527
0.960449,45,1486.230563
0.957812,48,1486.436949
0.724023,314,1488.907445
0.946387,61,1489.165579
0.96748,37,1489.703811
0.707324,333,1491.896791
0.956055,50,1492.51
0.824219,200,1493.861579
0.898047,116,1494.732412
0.865527,153,1495.750027
0.667773,378,1498.521023
0.750391,284,1500.985378
0.855859,164,1502.12654
0.832129,191,1503.389563
0.86377,155,1504.785917
0.85498,165,1505.940645
0.97627,27,1506.058645
0.905078,108,1507.001492
0.789062,240,1508.907414
0.868164,150,1509.905191
0.909473,103,1510.848123
0.934082,75,1511.174958
0.466504,607,1516.12645
0.809277,217,1517.947922
0.676562,368,1520.837501
0.880469,136,1521.794185
0,1024,1529.431175
0.957812,48,1529.63677
0.939355,69,1530.392295
0.946387,61,1530.706913
0.916504,95,1531.548143
0.90332,110,1532.417627
0.973633,30,1532.548309
0.970996,33,1532.68912
0.95957,46,1533.218397
0.818066,207,1534.547406
0.865527,153,1535.569679
0.737207,299,1538.107234
0.945508,62,1538.381979
0.547363,515,1542.201664
0.804883,222,1544.017887
0.743359,292,1546.182889
0.856738,163,1547.273025
0.939355,69,1547.967134
0.970117,34,1548.112346
0.774121,257,1550.08596
0.914746,97,1550.928654
0.818066,207,1552.669683
0.952539,54,1552.905568
0.72666,311,1555.022025
0.923535,87,1555.928307
0.875195,142,1556.92252
0.974512,29,1557.401583
0.970117,34,1557.60699
0.965723,39,1557.775519
0.613281,440,1561.152223
0.974512,29,1561.287066
0.854102,166,1562.442965
0.898926,115,1563.396566
0.850586,170,1564.536161
0.79873,229,1566.491702
0.904199,109,1567.379472
0.869043,149,1568.441058
0.899805,114,1569.315879
0.92793,82,1570.029361
0.757422,276,1572.137343
0.970996,33,1572.280797
0.948145,59,1572.53443
0.645801,403,1575.958825
0.594824,461,1579.322067
0.818945,206,1581.082116
0.806641,220,1582.733453
0.876953,140,1583.736797
0.864648,154,1584.800553
0.869043,149,1585.824486
0.958691,47,1586.020238
0.969238,35,1586.64297
0.855859,164,1587.833998
0.825977,198,1589.065259
0.878711,138,1590.501815
0.721387,317,1592.785271
0.944629,63,1593.488814
0.885742,130,1594.432919
0.966602,38,1594.634403
0.949902,57,1594.877562
0.972754,31,1595.34997
0.912109,100,1595.809858
0.75127,283,1598.28127
0.972754,31,1598.46424
0.696777,345,1600.818381
0.944629,63,1601.466446
0.841797,180,1602.708975
0.95166,55,1603.369343
0.457715,617,1608.194773
0.656348,391,1610.954824
0.929688,80,1611.296186
0.564062,496,1615.07234
0.744238,291,1617.155135
0.918262,93,1618.039553
0.877832,139,1619.113108
0.901563,112,1619.982059
0.511328,556,1623.933705
0.31709,777,1630.231524
0.968359,36,1630.456772
0.806641,220,1632.223121
0.944629,63,1632.533941
0.513965,553,1636.555849
0.275781,824,1643.043128
0.934082,75,1643.3645
0.811914,214,1645.077288
0.92002,91,1645.891504
0.944629,63,1646.159462
0.8875,128,1647.201093
0.758301,275,1649.196515
0.970117,34,1649.827726
0.930566,79,1650.169813
0.949023,58,1650.824909
0.704687,336,1653.055251
0.934082,75,1653.77403
0.913867,98,1654.58714
0.971875,32,1654.751097
0.908594,104,1655.630034
0.945508,62,1655.89479
0.922656,88,1656.745097
0.59043,466,1660.226337
0.974512,29,1660.408939
0.914746,97,1661.297522
0.858496,161,1662.472642
0.96748,37,1662.632521
0.961328,44,1662.822891
0.779395,251,1664.809301
0.876953,140,1666.229528
0.805762,221,1667.700184
0.627344,424,1671.066
0.960449,45,1671.298004
0.969238,35,1671.45778
0.782031,248,1673.284373
0.784668,245,1675.119009
0.934961,74,1675.911437
0.894531,120,1676.847798
0.795215,233,1678.299486
0.738965,297,1680.870775
0.933203,76,1681.198146
0.505176,563,1685.722989
0.676562,368,1688.686571
0.520117,546,1692.766085
0.949023,58,1693.063698
0.891895,123,1694.035258
0.816309,209,1695.773783
0.424316,655,1700.628334
0.82334,201,1702.218391
0.924414,86,1702.622028
0.843555,178,1704.148633
0.86377,155,1705.257673
0.968359,36,1705.412643
0.97627,27,1705.528769
0.950781,56,1706.225356
0.962207,43,1706.411007
0.529785,535,1710.290772
0.854102,166,1711.746698
0.912109,100,1712.251434
0.539453,524,1716.239264
0.788184,241,1718.029148
0.975391,28,1718.541563
0.802246,225,1720.009247
0.828613,195,1721.599778
0.972754,31,1721.754265
0.724902,313,1724.307672
0.622949,429,1727.472972
0.963086,42,1727.671213
0.85498,165,1728.783364
0.588672,468,1732.493136
0.653711,394,1735.359563
0.882227,134,1736.314552
0.949023,58,1736.931844
0.886621,129,1737.974152
0.906836,106,1738.862251
0.957812,48,1739.105055
0.822461,202,1740.716603
0.905957,107,1741.202351
0.822461,202,1743.034536
0.849707,171,1744.277749
0.833887,189,1745.991972
0.843555,178,1747.25923
0.97627,27,1747.373661
0.975391,28,1747.865593
0.717871,321,1750.288807
0.448926,627,1754.975587
0.891895,123,1755.949895
0.890137,125,1756.952812
0.945508,62,1757.215555
0.174707,939,1764.502945
0.966602,38,1764.664484
0.97627,27,1764.780744
0.868164,150,1765.863087
0.925293,85,1766.603249
0.909473,103,1767.421479
0.237109,868,1773.982201
0.709961,330,1776.363359
0.849707,171,1777.851186
0.860254,159,1778.930784
0.370703,716,1784.220581
0.933203,76,1784.904862
0.95166,55,1785.139571
0.753906,280,1787.554864
0.738965,297,1789.699327
0.769727,262,1791.581162
0.964844,40,1791.790057
0.878711,138,1792.760784
0.748633,286,1795.346086
0.957812,48,1795.562749
0.898047,116,1796.446637
0.307422,788,1802.425722
0.848828,172,1803.55443
0.897168,117,1804.555877
0.58252,475,1808.204017
0.867285,151,1809.42843
0.905957,107,1810.30353
0.696777,345,1812.931524
0.883984,132,1813.919641
0.79873,229,1815.663737
0.942871,65,1815.976251
0.876953,140,1817.038013
0.876953,140,1818.040109
0.855859,164,1819.61234
0.916504,95,1820.056616
0.964844,40,1820.602559
0.800488,227,1821.958854
0.818945,206,1823.711334
0.883105,133,1824.673903
0.893652,121,1825.599751
0.937598,71,1825.963974
0.90332,110,1826.936484
0.962207,43,1827.497106
0.842676,179,1828.718555
0.818066,207,1830.385828
0.733691,303,1832.586673
0.972754,31,1832.747033
0.918262,93,1833.661213
0.917383,94,1834.466881
0.792578,236,1836.218398
0.69502,347,1838.713578
0.906836,106,1839.54814
0.836523,186,1841.17047
0.963086,42,1841.384587
0.583398,474,1845.052957
0.637012,413,1848.086771
0.930566,79,1848.424078
0.970996,33,1848.946193
0.952539,54,1849.1749
0.803125,224,1851.025917
0.818945,206,1852.667702
0.971875,32,1852.814752
0.918262,93,1853.237048
0.680957,363,1856.112816
0.938477,70,1856.817165
0.771484,260,1858.779452
0.619434,433,1862.007332
0.858496,161,1863.460064
0.968359,36,1863.665567
0.244141,860,1870.289017
0.830371,193,1871.616089
0.720508,318,1874.35004
0.926172,84,1874.767753
0.62998,421,1877.915178
0.925293,85,1878.749712
0.95957,46,1879.283333
0.972754,31,1879.467065
0.93584,73,1879.78528
0.920898,90,1880.604121
0.945508,62,1881.208619
0.747754,287,1883.340358
0.956934,49,1883.553311
0.85498,165,1884.656503
0.95166,55,1885.296761
0.584277,473,1888.887941
0.859375,160,1890.026493
0.637891,412,1893.118879
0.937598,71,1893.79235
0.896289,118,1894.343199
0.462988,611,1899.124465
0.556152,505,1903.204499
0.971875,32,1903.343242
0.914746,97,1904.285383
0.593066,463,1907.881995
0.8875,128,1908.825044
0.838281,184,1909.998228
0.970996,33,1910.484321
0.621191,431,1913.558282
0.728418,309,1915.651343
0.937598,71,1916.351936
0.970996,33,1916.506117
0.958691,47,1916.705977
0.458594,616,1921.466999
0.316211,778,1927.406052
0.841797,180,1928.905551
0.603613,451,1932.06257
0.852344,168,1933.57912
0.854102,166,1934.770452
0.886621,129,1935.724081
0.789062,240,1937.673118
0.918262,93,1938.413254
0.95957,46,1938.663482
0.601855,453,1941.938069
0.883984,132,1942.900883
0.970117,34,1943.500386
0.920898,90,1943.907173
0.851465,169,1945.397608
0.95957,46,1945.598958
0.862012,157,1946.693166
0.78291,247,1948.519311
0.957812,48,1949.105617
0.91123,101,1949.539779
0.876074,141,1950.981172
0.955176,51,1951.248139
0.970117,34,1951.3946
0.97627,27,1951.511109
0.969238,35,1952.027442
0.964844,40,1952.196473
0.848828,172,1953.311619
0.942871,65,1954.067348
0.932324,77,1954.397517
0.960449,45,1954.975502
0.668652,377,1957.799911
0.881348,135,1958.729956
0.70293,338,1961.049931
0.711719,328,1963.607628
0.96748,37,1963.765513
0.877832,139,1964.777985
0.971875,32,1965.281658
0.923535,87,1965.65422
0.914746,97,1966.447703
0.782031,248,1968.257268
0.925293,85,1969.097749
0.724902,313,1971.334065
0.941113,67,1972.103782
0.975391,28,1972.257042
0.933203,76,1972.588922
0.89541,119,1973.508664
0.972754,31,1974.019324
0.714355,325,1976.235057
0.70293,338,1978.919048
0.930566,79,1979.306459
0.82334,201,1980.991054
0.925293,85,1981.723305
0.799609,228,1983.070385
0.954297,52,1983.672861
0.87168,146,1984.694152
0.744238,291,1986.787188
0.925293,85,1987.52619
0.862012,157,1988.576026
0.770605,261,1990.445013
0.921777,89,1991.230204
0.794336,234,1993.059289
0.954297,52,1993.28188
0.956055,50,1993.833505
0.802246,225,1995.262203
0.778516,252,1997.148031
0.941113,67,1997.828759
0.933203,76,1998.209192
0.681836,362,2000.977497
0.90332,110,2001.82414
0.649316,399,2004.807542
0.941992,66,2005.466888
0.775879,255,2007.405504
0.743359,292,2009.443442
0.926172,84,2010.177736
0.95166,55,2010.431949
0.884863,131,2011.402334
0.792578,236,2013.402255
0.865527,153,2014.440281
0.918262,93,2015.291472
0.637891,412,2018.225292
0.970996,33,2018.367165
0.812793,213,2020.152892
0.674805,370,2022.929132
0.833008,190,2024.159959
0.962207,43,2024.763604
0.687109,356,2027.093591
0.875195,142,2028.521892
0.549121,513,2032.243593
0.972754,31,2032.399458
0.948145,59,2032.650495
0.548242,514,2036.631073
0.87959,137,2037.62032
0.675684,369,2040.651767
0.883105,133,2041.65523
0.84707,174,2043.247355
0.975391,28,2043.367813
0.681836,362,2046.233266
0.571973,487,2049.620826
0.720508,318,2052.356594
0.910352,102,2053.174582
0.250293,853,2059.240221
0.907715,105,2060.066295
0.89541,119,2060.922389
0.816309,209,2062.658059
0.542969,520,2066.452806
0.965723,39,2066.617428
0.953418,53,2067.21126
0.96748,37,2067.396022
0.909473,103,2068.341138
0.963086,42,2068.52811
0.970117,34,2068.671497
0.87959,137,2069.675138
0.469141,604,2074.268054
0.723145,315,2076.807314
0.97627,27,2076.965192
0.778516,252,2078.772315
0.689746,353,2081.345192
0.569336,490,2085.100564
0.924414,86,2085.958547
0.774121,257,2087.987868
0.586035,471,2091.718814
0.966602,38,2091.892279
0.969238,35,2092.042145
0.592187,464,2095.896756
0.708203,332,2098.108307
0.971875,32,2098.677469
0.872559,145,2099.664937
0.902441,111,2100.54017
0.972754,31,2100.700287
0.941992,66,2101.008702
0.91123,101,2101.834442
0.784668,245,2103.746442
0.788184,241,2105.714615
0.949902,57,2105.963601
0.8875,128,2106.962008
0.928809,81,2107.760934
0.825098,199,2109.379675
0.691504,351,2111.698128
0.974512,29,2112.166562
0.974512,29,2112.295344
0.974512,29,2112.419803
0.660742,386,2115.382664
0.940234,68,2116.044782
0.804883,222,2117.488266
0.971875,32,2117.99067
0.964844,40,2118.164452
0.934961,74,2118.915712
0,1024,2126.709471
0.964844,40,2126.938927
0.948145,59,2127.237546
0.261719,840,2133.931799
0.870801,147,2134.96648
0.932324,77,2135.762354
0.969238,35,2135.932941
0.767969,264,2137.841479
0.850586,170,2138.965324
0.971875,32,2139.45848
0.954297,52,2139.78515
0.837402,185,2140.990104
0.735449,301,2143.473044
0.824219,200,2144.759032
0.837402,185,2146.255953
0.79873,229,2147.992792
0.898926,115,2148.525529
0.972754,31,2149.036325
0.960449,45,2149.277674
0.821582,203,2151.025322
0.95166,55,2151.281517
0.161523,954,2158.272901
0.974512,29,2158.759736
0.949023,58,2159.031301
0.867285,151,2160.127957
0.745996,289,2162.526976
0.79082,238,2163.984992
0.956934,49,2164.572612
0.745996,289,2166.535234
0.961328,44,2166.740344
0.908594,104,2167.642758
0.403223,679,2173.224087
0.961328,44,2173.435463
0.821582,203,2174.701193
0.975391,28,2175.28092
0.964844,40,2175.485542
0.564941,495,2179.345558
0.940234,68,2179.636273
0.89541,119,2180.492112
0.970117,34,2181.112236
0.956055,50,2181.343348
0.786426,243,2183.166124
0.737207,299,2185.208739
0.491992,578,2189.901518
0.838281,184,2191.063976
0.746875,288,2193.020123
0.893652,121,2194.057
0.961328,44,2194.687901
0.965723,39,2194.885707
0.873437,144,2195.89911
0.926172,84,2196.751407
0.615918,437,2200.028582
0.902441,111,2200.928775
0.896289,118,2201.966769
0.748633,286,2203.972228
0.975391,28,2204.09504
0.767969,264,2206.356843
0.890137,125,2207.352488
0.912988,99,2207.829487
0.703809,337,2210.422911
0.817187,208,2212.112951
0.963086,42,2212.3316
0.974512,29,2212.456637
0.588672,468,2216.050269
0.938477,70,2216.368527
0.96748,37,2216.895103
0.864648,154,2217.987197
0.945508,62,2218.262011
0.842676,179,2219.803621
0.826855,197,2221.184726
0.97627,27,2221.313241
0.944629,63,2221.981175
0.47793,594,2226.678805
0.971875,32,2226.847121
0.350488,739,2232.408171
0.939355,69,2232.752083
0.909473,103,2233.552325
0.671289,374,2236.419931
0.92002,91,2237.162902
0.810156,216,2238.509182
0.930566,79,2239.237526
0.970117,34,2239.383533
0.952539,54,2239.968505
0.973633,30,2240.141505
0.97627,27,2240.259459
0.94375,64,2240.538706
0.970117,34,2241.042374
0.706445,334,2243.240428
0.974512,29,2243.731727
0.855859,164,2244.821485
0.950781,56,2245.072484
0.680957,363,2247.898362
0.6625,384,2250.764771
0.971875,32,2250.902967
0.933203,76,2251.620426
0.946387,61,2251.916767
0.975391,28,2252.507073
0.862891,156,2253.601042
0.600977,454,2256.951638
0.969238,35,2257.505832
0.922656,88,2257.885111
0.794336,234,2259.78092
0.601855,453,2263.31522
0.924414,86,2263.692295
0.975391,28,2264.186805
0.78291,247,2266.029156
0.971875,32,2266.172386
0.87959,137,2267.220881
0.96748,37,2267.411186
0.811035,215,2269.273822
0.770605,261,2271.203995
0.941113,67,2271.499626
0.743359,292,2274.033908
0.973633,30,2274.168828
0.902441,111,2275.11969
0.707324,333,2277.505621
0.950781,56,2278.218527
0.901563,112,2279.088258
0.933203,76,2279.415185
0.494629,575,2284.097883
0.844434,177,2285.255286
0.93584,73,2285.978802
0.955176,51,2286.201708
0.944629,63,2286.863618
0.836523,186,2288.072399
0.912988,99,2288.909375
0.975391,28,2289.030588
0.962207,43,2289.215045
0.577246,481,2293.089026
0.970117,34,2293.232053
0.97627,27,2293.736353
0.812793,213,2295.155297
0.945508,62,2295.837935
0.970117,34,2295.983645
0.593066,463,2299.535945
0.749512,285,2301.571857
0.929688,80,2302.29548
0.862891,156,2303.405068
0.954297,52,2303.631979
0.957812,48,2304.245317
0.96748,37,2304.424133
0.789062,240,2306.283938
0.753027,281,2308.476264
0.97627,27,2308.593489
0.966602,38,2308.756206
0.837402,185,2310.413936
0.834766,188,2311.69585
0.827734,196,2313.514626
0.934082,75,2313.832842
0.833887,189,2315.484978
0.756543,277,2317.50912
0.676562,368,2320.241654
0.816309,209,2321.936758
0.97627,27,2322.073311
0.924414,86,2322.774591
0.671289,374,2325.273155
0.914746,97,2326.090472
0.917383,94,2326.900893
0.719629,319,2329.087094
0.697656,344,2331.759825
0.79082,238,2333.532895
0.876074,141,2334.520491
0.719629,319,2337.024374
0.97627,27,2337.194937
0.893652,121,2338.207706
0.914746,97,2338.662243
0.719629,319,2341.221103
0.782031,248,2343.133842
0.881348,135,2344.101389
0,1024,2351.656014
0.673926,371,2354.499311
0.8875,128,2355.429806
0.862891,156,2356.453431
0.973633,30,2356.579903
0.928809,81,2357.328966
0.875195,142,2358.408586
0.96748,37,2358.568087
0.900684,113,2359.550336
0.923535,87,2360.308621
0.68623,357,2363.141851
0.760938,272,2365.077119
0.905078,108,2365.958366
0.627344,424,2368.976472
0.95957,46,2369.170438
0.836523,186,2370.771076
0.950781,56,2371.094716
0.969238,35,2371.258391
0.969238,35,2371.914445
0.913867,98,2372.745118
0.712598,327,2375.099041
0.920898,90,2375.854587
0.62998,421,2378.897086
0.973633,30,2379.026951
0.901563,112,2379.879878
0.933203,76,2380.602777
0.965723,39,2380.77092
0.746875,288,2382.790569
0.772363,259,2384.716823
0.762695,270,2386.836358
0.86377,155,2388.327995
0.766211,266,2390.218807
0.971875,32,2390.354938
0.949023,58,2390.601059
0.741602,294,2393.207275
0.724902,313,2395.345491
0.964844,40,2395.882836
0.952539,54,2396.193682
0.806641,220,2397.880926
0.780273,250,2399.794128
0.838281,184,2400.979167
0.963965,41,2401.154294
0.519238,547,2405.702603
0.974512,29,2405.834966
0.97627,27,2405.958126
0.656348,391,2408.993226
0.963965,41,2409.169662
0.735449,301,2411.586168
0.975391,28,2411.705984
0.880469,136,2412.706207
0.876953,140,2413.690348
0.948145,59,2414.37865
0.855859,164,2415.521094
0.972754,31,2415.655607
0.953418,53,2416.238878
0.900684,113,2416.761987
0.965723,39,2417.388148
0.964844,40,2417.562097
0.59834,457,2421.225471
0.917383,94,2421.6457
0.964844,40,2422.185774
0.922656,88,2422.571631
0.958691,47,2423.136696
0.833008,190,2424.496768
0.87168,146,2425.556289
0.361914,726,2431.155101
0.884863,131,2432.146393
0.95957,46,2432.344287
0.75127,283,2434.721656
0.828613,195,2435.958191
0.765332,267,2437.922748
0.974512,29,2438.046044
0.840039,182,2439.611321
0.937598,71,2439.913943
0.95166,55,2440.537094
0.893652,121,2441.492268
0.8875,128,2442.528851
0.521875,544,2446.587147
0.950781,56,2447.200239
0.346094,744,2452.587863
0.929688,80,2453.303466
0.704687,336,2456.011593
0.846191,175,2457.242355
0.741602,294,2459.441
0.945508,62,2460.098401
0.970996,33,2460.23753
0.97627,27,2460.352378
0.969238,35,2460.514518
0.367188,720,2466.316108
0.928809,81,2467.189909
0.97627,27,2467.305963
0.902441,111,2468.214346
0.904199,109,2469.027901
0.93584,73,2469.34632
0.957812,48,2469.923714
0.857617,162,2471.186621
0.923535,87,2471.935736
0.970996,33,2472.128499
0.929688,80,2472.469064
0.884863,131,2473.411347
0.963086,42,2473.970492
0.971875,32,2474.108972
0.747754,287,2476.136899
0.703809,337,2478.915148
0.866406,152,2479.990292
0.936719,72,2480.668348
0.523633,542,2484.566083
0.79873,229,2486.308393
0.901563,112,2487.161809
0.902441,111,2487.690768
0.705566,335,2490.308934
0.975391,28,2490.448757
0.936719,72,2491.132786
0.948145,59,2491.386639
0.758301,275,2493.390922
0.921777,89,2494.192275
0.87959,137,2495.212961
0.961328,44,2495.744334
0.925293,85,2496.180854
0.787305,242,2497.964767
0.95166,55,2498.541797
0.970117,34,2498.742133
0.736328,300,2500.933753
0.87959,137,2502.028663
0.651074,397,2504.897716
0.944629,63,2505.551131
0.972754,31,2505.683759
0.749512,285,2507.782429
0.862891,156,2508.853016
0.422559,657,2514.215058
0.958691,47,2514.434629
0.684473,359,2517.172751
0.788184,241,2518.985355
0.829492,194,2520.202262
0.960449,45,2520.744227
0.874316,143,2521.826432
0.673047,372,2524.640941
0.771484,260,2526.549811
0.908594,104,2527.02146
0.55791,503,2530.756972
0.746875,288,2533.167967
0.945508,62,2533.446163
0.748633,286,2535.432302
0.963965,41,2535.977795
0.963965,41,2536.164661
0.860254,159,2537.23652
0.96748,37,2537.423791
0.956055,50,2538.11669
0.392676,691,2543.12706
0.752148,282,2545.217235
0.952539,54,2545.832474
0.185254,927,2552.667077
0.972754,31,2552.80008
0.937598,71,2553.502533
0.630859,420,2556.598486
0.899805,114,2557.563268
0.761816,271,2559.618837
0.95957,46,2560.178954
0.963086,42,2560.384601
0.949902,57,2560.649635
0.963965,41,2561.232254
0.629102,422,2564.348461
0.792578,236,2566.343683
0.914746,97,2567.22799
0.865527,153,2568.264361
0.881348,135,2569.248005
0.73457,302,2571.459169
0.577246,481,2575.005559
0.827734,196,2576.226365
0.379492,706,2581.585183
0.673926,371,2584.495266
0.974512,29,2584.620622
0.46123,613,2589.313201
0.94375,64,2589.585066
0.791699,237,2591.3211
0.8875,128,2592.320752
0.956934,49,2593.007069
0.95957,46,2593.273049
0.75127,283,2595.429096
0.296875,800,2601.534745
0.883105,133,2602.545544
0.366309,721,2608.118999
0.894531,120,2609.022528
0.954297,52,2609.244403
0.932324,77,2609.954571
0.918262,93,2610.712055
0.975391,28,2610.832414
0.94375,64,2611.435317
0.910352,102,2611.932942
0.73457,302,2614.514106
0.912988,99,2614.95068
0.975391,28,2615.461044
0.909473,103,2615.901381
0.689746,353,2618.636157
0.95957,46,2619.197908
0.85498,165,2620.453857
0.95957,46,2620.649615
0.778516,252,2622.613207
0.720508,318,2625.150804
0.801367,226,2626.576223
0.922656,88,2627.331612
0.934961,74,2628.142391
0.585156,472,2631.349674
0.811035,215,2633.155847
0.949023,58,2633.761976
0.725781,312,2636.070381
0.918262,93,2636.8466
0.766211,266,2638.890177
0.775,256,2640.836952
0.972754,31,2640.971595
0.97627,27,2641.08452
0.683594,360,2643.854741
0.755664,278,2645.841362
0.913867,98,2646.661066
0.910352,102,2647.622276
0.969238,35,2647.803311
0.796973,231,2649.636056
0.806641,220,2651.346093
0.84707,174,2652.488632
0.505176,563,2656.474966
0.632617,418,2659.933991
0.971875,32,2660.085952
0.898926,115,2660.990177
0.958691,47,2661.190631
0.873437,144,2662.323358
0.909473,103,2663.267071
0.938477,70,2663.937274
0.868164,150,2665.0767
0.8875,128,2665.979034
0.875195,142,2666.981403
0.968359,36,2667.135924
0.681836,362,2670.041324
0.781152,249,2672.166185
0.927051,83,2672.90666
0.970996,33,2673.091733
0.847949,173,2674.211847
0.80752,219,2676.015648
0.972754,31,2676.148515
0.900684,113,2677.106178
0.964844,40,2677.278827
0.673047,372,2680.184728
0.930566,79,2680.919152
0.777637,253,2682.786515
0.942871,65,2683.089118
0.904199,109,2683.918032
0.952539,54,2684.504001
0.87959,137,2685.487295
0.864648,154,2686.576335
0.904199,109,2687.454485
0.941113,67,2687.742824
0.902441,111,2688.640042
0.89541,119,2689.546891
0.372461,714,2695.007065
0.754785,279,2697.1404
0.97627,27,2697.258968
0.865527,153,2698.259417
0.949902,57,2698.850271
0.971875,32,2699.005812
0.837402,185,2700.186609
0.838281,184,2701.770056
0.972754,31,2701.905157
0.970996,33,2702.04618
0.888379,127,2703.06539
0.970117,34,2703.662241
0.820703,204,2704.936121
0.811035,215,2706.71223
0.872559,145,2707.818989
0.974512,29,2707.942116
0.912109,100,2708.759041
0.941113,67,2709.530589
0.872559,145,2710.657131
0.917383,94,2711.067977
0.952539,54,2711.684056
0.894531,120,2712.581789
0.955176,51,2712.798227
0.949902,57,2713.48916
0.793457,235,2714.919783
0.93584,73,2715.654382
0.860254,159,2716.719824
0.922656,88,2717.518715
0.397949,685,2722.572172
0.825977,198,2724.150249
0.965723,39,2724.317933
0.805762,221,2726.049675
0.600977,454,2729.16905
0.84707,174,2730.689592
0.856738,163,2731.749209
0.902441,111,2732.703164
0.925293,85,2733.430716
0.834766,188,2734.719311
0.8875,128,2735.669788
0.703809,337,2738.431538
0.963965,41,2738.618471
0.778516,252,2740.479579
0.889258,126,2741.501097
0.860254,159,2742.568019
0.970117,34,2742.728101
0.934961,74,2743.465084
0.97627,27,2743.581264
0.966602,38,2744.098188
0.729297,308,2746.337452
0.653711,394,2749.439602
0.682715,361,2752.165871
0.901563,112,2753.134477
0.95957,46,2753.332515
0.833008,190,2754.959888
0.960449,45,2755.190329
0.969238,35,2755.336615
0.875195,142,2756.404419
0.938477,70,2757.159551
0.786426,243,2759.118082
0.757422,276,2761.266118
0.786426,243,2763.077871
0.856738,163,2764.156985
0.842676,179,2765.357243
0.865527,153,2766.831327
0.847949,173,2767.963637
0.875195,142,2768.965186
0.960449,45,2769.158386
0.962207,43,2769.723186
0.84707,174,2770.890852
0.974512,29,2771.014536
0.974512,29,2771.588649
0.809277,217,2772.92742
0.907715,105,2773.774532
0.844434,177,2775.400729
0.973633,30,2775.587998
0.898047,116,2776.453354
0.643164,406,2779.340837
0.687109,356,2782.146699
0.924414,86,2782.553526
0.735449,301,2785.17373
0.877832,139,2786.26864
0.917383,94,2786.678985
0.973633,30,2787.181671
0.932324,77,2787.512136
0.899805,114,2788.339174
0.970996,33,2788.478044
0.199316,911,2795.879195
0.893652,121,2796.443101
0.119336,1002,2803.940562
0.749512,285,2806.4593
0.919141,92,2806.8928
0.783789,246,2808.801119
0.779395,251,2810.70393
0.79873,229,2812.591463
0.840918,181,2813.733922
0.922656,88,2814.508982
0.789941,239,2816.298514
0.862012,157,2817.378018
0.818066,207,2819.115053
0.87168,146,2820.125723
0.602734,452,2823.359758
0.93584,73,2824.054558
0.948145,59,2824.336632
0.816309,209,2826.137431
0.860254,159,2827.257635
0.970117,34,2827.795327
0.966602,38,2827.991444
0.827734,196,2829.217729
0.946387,61,2829.858288
0.928809,81,2830.549509
0.916504,95,2830.991209
0.974512,29,2831.115514
0.799609,228,2833.021753
0.927051,83,2833.851921
0.755664,278,2835.809988
0.889258,126,2836.74099
0.949023,58,2837.333525
0.965723,39,2837.54761
0.854102,166,2838.651213
0.971875,32,2838.79192
0.868164,150,2840.17131
0.961328,44,2840.417607
0.919141,92,2841.178274
0.862012,157,2842.266848
0.972754,31,2842.407532
0.971875,32,2842.549098
0.973633,30,2843.070018
0.931445,78,2843.439355
0.786426,243,2845.382339
0.794336,234,2847.227527
0.937598,71,2847.531858
0.519238,547,2851.920619
0.918262,93,2852.350189
0.494629,575,2857.026241
0.811035,215,2858.719444
0.970117,34,2858.869554
0.958691,47,2859.07205
0.589551,467,2862.70381
0.963965,41,2862.877131
0.69502,347,2865.529405
0.74248,293,2867.696012
0.512207,555,2872.131269
0.915625,96,2872.565089
0.961328,44,2873.167839
0.947266,60,2873.43039
0.901563,112,2874.335232
0.920898,90,2875.246583
0.873437,144,2876.246827
0.715234,324,2878.397135
0.730176,307,2880.86533
0.714355,325,2883.04335
0.97627,27,2883.516352
0.639648,410,2886.571288
0.877832,139,2887.546898
0.760059,273,2889.509875
0.609766,444,2892.825938
0.974512,29,2893.333474
0.818945,206,2894.607405
0.881348,135,2895.553577
0.87959,137,2896.554438
0.719629,319,2899.136511
0.85498,165,2900.2535
0.680078,364,2903.0823
0.93584,73,2903.749121
0.962207,43,2903.95017
0.652832,395,2906.792049
0.878711,138,2907.763048
0.657227,390,2910.680802
0.92002,91,2911.436887
0.773242,258,2913.492014
0.91123,101,2914.297049
0.953418,53,2914.539204
0.960449,45,2914.729636
0.84707,174,2916.359849
0.914746,97,2917.103811
0.724902,313,2919.289247
0.904199,109,2920.293958
0.924414,86,2920.662044
0.723145,315,2923.267459
0.972754,31,2923.396422
0.890137,125,2924.317988
0.96748,37,2924.47462
0.854102,166,2925.966295
0.90332,110,2926.912203
0.674805,370,2929.337806
0.973633,30,2929.830279
0.963086,42,2930.01898
0.969238,35,2930.170249
0.907715,105,2931.024821
0.581641,476,2934.743958
0.95166,55,2934.988801
0.971875,32,2935.510097
0.744238,291,2937.618611
0.735449,301,2939.896484
0.939355,69,2940.681325
0.957812,48,2940.892465
0.965723,39,2941.059604
0.975391,28,2941.532161
0.970117,34,2941.681327
0.826855,197,2942.910014
0.962207,43,2943.464842
0.651074,397,2946.485234
0.786426,243,2948.260658
0.756543,277,2950.307202
0.814551,211,2951.953208
0.618555,434,2955.146315
0.846191,175,2956.284041
0.812793,213,2958.013111
0.819824,205,2959.648162
0.963086,42,2959.834193
0.847949,173,2960.956661
0.966602,38,2961.48641
0.960449,45,2961.709531
0.667773,378,2964.594558
0.900684,113,2965.480887
0.938477,70,2965.783854
0.855859,164,2967.308677
0.608887,445,2970.492357
0.591309,465,2974.246034
0.577246,481,2977.526503
0.704687,336,2980.173743
0.722266,316,2982.720145
0.886621,129,2983.621217
0.87959,137,2984.630439
0.792578,236,2986.049485
0.945508,62,2986.703452
0.919141,92,2987.544759
0.821582,203,2988.814529
0.922656,88,2989.633185
0.842676,179,2990.868868
0.84707,174,2992.399478
0.882227,134,2993.408245
0.949023,58,2993.670652
0.974512,29,2993.793837
0.905078,108,2994.653004
0.973633,30,2995.129701
0.649316,399,2998.098765
0.771484,260,2999.961713
0.920898,90,3000.36903
0.929688,80,3001.095957
0.836523,186,3002.311261
0.788184,241,3004.298112
0.894531,120,3005.304084
0.962207,43,3005.836465
0.795215,233,3007.265357
0.921777,89,3008.022719
0.958691,47,3008.226739
0.874316,143,3009.573042
0.732812,304,3011.803393
0.96748,37,3011.962193
0.963965,41,3012.49639
0,1024,3020.164243
0.540332,523,3023.992243
0.875195,142,3024.971421
0.912109,100,3025.796963
0.651074,397,3028.910567
0.955176,51,3029.144635
0.939355,69,3029.803047
0.696777,345,3032.19148
0.916504,95,3033.007127
0.876074,141,3034.024129
0.909473,103,3034.83811
0.685352,358,3037.497462
0.971875,32,3037.642178
0.975391,28,3037.777565
0.846191,175,3039.312423
0.850586,170,3040.526423
0.975391,28,3040.644615
0.957812,48,3040.868512
0.858496,161,3042.356991
0.975391,28,3042.478145
0.776758,254,3044.402562
0.729297,308,3046.708857
0.618555,434,3050.078725
0.883105,133,3051.051767
0.814551,211,3052.345049
0.819824,205,3054.005267
0.897168,117,3054.877292
0.956934,49,3055.122315
0.873437,144,3056.262846
0.973633,30,3056.813744
0.757422,276,3058.816462
0.874316,143,3059.857673
0.615039,438,3062.982861
0.848828,172,3064.693493
0.865527,153,3065.909602
0.629102,422,3068.965771
0.174707,939,3076.266073
0.768848,263,3078.31732
0.828613,195,3079.636931
0.971875,32,3079.826261
0.825977,198,3081.464951
0.973633,30,3081.591966
0.86377,155,3082.630661
0.947266,60,3083.272671
0.970117,34,3083.416591
0.744238,291,3085.55894
0.698535,343,3088.344403
0.882227,134,3089.293934
0.796973,231,3091.134382
0.906836,106,3091.996831
0.748633,286,3094.058003
0.869043,149,3095.100533
0.941992,66,3095.749389
0.890137,125,3096.643812
0.93584,73,3096.972066
0.800488,227,3098.804663
0.878711,138,3099.80923
0.853223,167,3100.923138
0.8875,128,3101.888193
0.79873,229,3103.644309
0.808398,218,3105.455229
0.969238,35,3105.612722
0.805762,221,3107.36161
0.80752,219,3109.004023
0.884863,131,3109.979633
0.95957,46,3110.205887
0.970117,34,3110.353112
0.897168,117,3111.339138
0.891016,124,3112.383064
0.968359,36,3112.566855
0.535937,528,3117.014425
0.480566,591,3121.321488
0.948145,59,3121.93702
0.842676,179,3123.096647
0.883105,133,3124.097264
0.858496,161,3125.154287
0.932324,77,3125.95457
0.898047,116,3126.935399
0.970117,34,3127.076934
0.566699,493,3130.891886
0.905078,108,3131.736657
0.970117,34,3131.894101
0.91123,101,3132.790747
0.513086,554,3136.794214
0.828613,195,3138.383628
0.817187,208,3139.685934
0.810156,216,3141.417854
0.965723,39,3141.588866
0.898926,115,3142.5059
0.970117,34,3142.654394
0.620313,432,3146.235707
0.938477,70,3146.540271
0.94375,64,3147.222168
0.816309,209,3148.522807
0.709961,330,3151.22945
0.777637,253,3153.094672
0.773242,258,3155.117875
0.942871,65,3155.781999
0.972754,31,3155.965798
0.898047,116,3156.896164
0.362793,725,3162.249236
0.799609,228,3164.072124
0.942871,65,3164.745347
0.753027,281,3166.804091
0.963086,42,3166.988112
0.90332,110,3167.862999
0.972754,31,3167.996382
0.645801,403,3170.974289
0.828613,195,3172.592723
0.908594,104,3173.499018
0.962207,43,3173.680017
0.869922,148,3174.745029
0,1024,3182.390454
0.664258,382,3185.207591
0.846191,175,3186.812655
0.949023,58,3187.078065
0.974512,29,3187.202352
0.928809,81,3187.977157
0.926172,84,3188.724731
0.953418,53,3188.957705
0.867285,151,3190.014018
0.972754,31,3190.182614
0.869922,148,3191.598971
0.794336,234,3193.004642
0.917383,94,3193.82052
0.860254,159,3194.919592
0.687109,356,3197.774517
0.743359,292,3199.905588
0.859375,160,3201.376299
0.374219,712,3206.57478
0.948145,59,3207.201381
0.852344,168,3208.314092
0.713477,326,3211.022404
0.963965,41,3211.225795
0.906836,106,3212.081297
0.921777,89,3212.465938
0.756543,277,3214.862905
0.942871,65,3215.167432
0.624707,427,3218.186213
0.779395,251,3220.205259
0.964844,40,3220.773348
0.963086,42,3220.956184
0.973633,30,3221.085019
0.806641,220,3222.886833
0.861133,158,3224.065226
0.840918,181,3225.614223
0.952539,54,3225.859935
0.881348,135,3226.849358
0.963965,41,3227.027277
0.720508,318,3229.5616
0.968359,36,3229.714104
0.741602,294,3231.738443
0.797852,230,3233.483743
0.934961,74,3234.200991
0.965723,39,3234.366228
0.954297,52,3234.961616
0.818066,207,3236.254136
0.628223,423,3239.780404
0.666016,380,3242.185625
0.926172,84,3242.924752
0.817187,208,3244.586509
0.919141,92,3245.07068
0.649316,399,3248.697493
0.836523,186,3249.88017
0.969238,35,3250.032846
0.707324,333,3252.707115
0.682715,361,3255.451601
0.712598,327,3257.699591
0.744238,291,3260.150056
0.957812,48,3260.374087
0.480566,591,3264.965677
0.825977,198,3266.323541
0.861133,158,3267.493072
0.955176,51,3268.105488
0.873437,144,3269.125086
0.754785,279,3271.119427
0.745996,289,3273.127252
0.840039,182,3274.663292
0.939355,69,3274.956989
0.873437,144,3275.952021
0.55791,503,3279.609159
0.947266,60,3280.249548
0.907715,105,3281.07441
0.974512,29,3281.202883
0.720508,318,3283.408541
0.947266,60,3284.049185
0.970996,33,3284.197748
0.513086,554,3288.23733
0.898926,115,3289.154867
0.932324,77,3289.875072
0.860254,159,3290.935285
0.827734,196,3292.488612
0.649316,399,3295.476305
0.719629,319,3297.717385
0.94375,64,3298.492922
0.957812,48,3298.710079
0.659863,387,3301.68225
0.626465,425,3304.821744
0.970996,33,3305.43143
0.95957,46,3305.626324
0.842676,179,3306.964638
0.816309,209,3308.656572
0.96748,37,3308.838303
0.964844,40,3309.478243
0.729297,308,3311.586266
0.777637,253,3313.494828
0.874316,143,3314.578362
0.97627,27,3314.693214
0.880469,136,3315.715223
0.748633,286,3318.062962
0.970117,34,3318.215091
0.955176,51,3318.432873
0.746875,288,3320.895142
0.918262,93,3321.301877
0.643164,406,3324.656414
0.928809,81,3325.047909
0.963965,41,3325.22013
0.685352,358,3327.989446
0.627344,424,3331.397617
0.409375,672,3336.22105
0.941113,67,3336.54004
0.95957,46,3337.21749
0.955176,51,3337.436925
0.940234,68,3338.11551
0.786426,243,3340.033801
0.964844,40,3340.238197
0.971875,32,3340.381456
0.961328,44,3340.595036
0.961328,44,3341.265079
0.906836,106,3342.186553
0.968359,36,3342.345604
0.854102,166,3343.439432
0.803125,224,3345.410465
0.873437,144,3346.423676
0.916504,95,3347.228047
0.912988,99,3348.043195
0.92002,91,3348.455355
0.858496,161,3350.039414
0.55791,503,3353.954775
0.712598,327,3356.209898
0.971875,32,3356.354533
0.767969,264,3358.272169
0.644043,405,3361.509326
0.861133,158,3362.599527
0.737207,299,3364.84655
0.970996,33,3364.989034
0.945508,62,3365.633903
0.613281,440,3368.7702
0.808398,218,3370.597098
0.499023,570,3374.527105
0.898926,115,3375.395943
0.859375,160,3376.884702
0.56582,494,3380.459842
0.859375,160,3381.907705
0.891016,124,3382.858875
0.885742,130,3383.794555
0.749512,285,3385.817381
0.519238,547,3389.776449
0.972754,31,3389.932818
0.968359,36,3390.503787
0.966602,38,3390.681736
0.856738,163,3391.898484
0.97627,27,3392.017024
0.891016,124,3392.987316
0.97627,27,3393.476988
0.834766,188,3394.79198
0.97627,27,3394.907008
0.827734,196,3396.542471
0.869922,148,3397.619191
0.975391,28,3397.738159
0.964844,40,3398.265303
0.950781,56,3398.531022
0.594824,461,3402.163136
0.87168,146,3403.305236
0.8875,128,3404.26645
0.97627,27,3404.38439
0.969238,35,3404.536818
0.876074,141,3405.56999
0.867285,151,3406.913885
0.963086,42,3407.136406
0.944629,63,3407.405157
0.811914,214,3409.090926
0.851465,169,3410.187526
0.958691,47,3410.757865
0.878711,138,3411.728147
0.784668,245,3413.554356
0.754785,279,3415.654239
0.804883,222,3417.46543
0.966602,38,3417.689077
0.968359,36,3417.870375
0.938477,70,3418.546578
0.964844,40,3418.721282
0.814551,211,3420.457564
0.963965,41,3420.643439
0.805762,221,3422.360169
0.744238,291,3424.450191
0.756543,277,3426.450558
0.877832,139,3427.491326
0.784668,245,3429.43157
0.893652,121,3430.40178
0.92002,91,3431.266318
0.866406,152,3432.387378
0.90332,110,3433.236133
0.865527,153,3434.360697
0.939355,69,3435.021404
0.775879,255,3436.959219
0.531543,533,3440.946554
0.975391,28,3441.064714
0.791699,237,3442.964308
0.608008,446,3446.142113
0.824219,200,3447.833341
0.906836,106,3448.693566
0.717871,321,3450.976375
0.8875,128,3452.064943
0.932324,77,3452.767944
0.930566,79,3453.105243
0.906836,106,3453.935165
0.821582,203,3455.617201
0.643164,406,3458.63316
0.682715,361,3461.393916
0.931445,78,3461.778303
0.902441,111,3462.656277
0.95166,55,3463.404706
0.767969,264,3465.293519
0.97627,27,3465.412921
0.415527,665,3470.541046
0.956934,49,3471.225615
0.843555,178,3472.445766
0.820703,204,3474.190364
0.923535,87,3474.578817
0.900684,113,3475.427432
0.722266,316,3477.955479
0.907715,105,3478.430876
0.877832,139,3479.802366
0.869043,149,3480.877902
0.968359,36,3481.032676
0.966602,38,3481.192229
0.95957,46,3481.762378
0.539453,524,3485.904751
0.840918,181,3487.028012
0.794336,234,3488.810722
0.905957,107,3489.739483
0.949023,58,3489.988343
0.924414,86,3490.744431
0.957812,48,3490.951277
0.931445,78,3491.65086
0.84707,174,3492.816839
0.652832,395,3495.690324
0.854102,166,3497.226129
0.800488,227,3498.69785
0.945508,62,3499.422957
0.535937,528,3503.30475
0.72666,311,3505.482227
0.95166,55,3506.110183
0.958691,47,3506.310331
0.868164,150,3507.31303
0.905078,108,3508.215333
0.830371,193,3509.758849
0.758301,275,3511.799417
0.558789,502,3515.579431
0.859375,160,3516.644578
0.897168,117,3517.557579
0.872559,145,3518.664479
0.950781,56,3519.266342
0.96748,37,3519.456371
0.868164,150,3520.610884
0.593066,463,3524.502701
0.947266,60,3524.77419
0.796973,231,3526.528503
0.927051,83,3527.305406
0.825098,199,3528.553103
0.968359,36,3528.707911
0.552637,509,3532.59027
0.970996,33,3533.11364
0.801367,226,3534.482243
0.900684,113,3535.365849
0.946387,61,3536.019757
0.908594,104,3536.917268
0.891895,123,3537.806588
0.631738,419,3540.877225
0.956055,50,3541.092639
0.930566,79,3541.853349
0.968359,36,3542.011935
0.860254,159,3543.077029
0.762695,270,3544.967871
0.960449,45,3545.533153
0.888379,127,3546.459828
0.876074,141,3547.586943
0.611523,442,3550.65286
0.913867,98,3551.460039
0.95166,55,3552.05556
0.948145,59,3552.345383
0.868164,150,3553.39798
0.975391,28,3553.517946
0.737207,299,3556.077446
0.975391,28,3556.223605
0.829492,194,3557.532805
0.820703,204,3559.160606
0.906836,106,3560.009557
0.971875,32,3560.147213
0.635254,415,3563.095659
0.97627,27,3563.618362
0.862012,157,3564.657075
0.851465,169,3565.769161
0.869043,149,3566.827967
0.700293,341,3569.440228
0.595703,460,3573.003483
0.95166,55,3573.259991
0.898047,116,3574.125922
0.928809,81,3574.818861
0.885742,130,3575.725534
0.975391,28,3575.899637
0.95957,46,3576.133635
0.937598,71,3576.840781
0.551758,510,3580.730628
0.550879,511,3584.642076
0.845313,176,3585.920047
0.965723,39,3586.087742
0.97627,27,3586.576421
0.927051,83,3586.967882
0.754785,279,3589.049282
0.924414,86,3589.79924
0.904199,109,3590.665224
0.80752,219,3592.33982
0.905957,107,3592.83722
0.966602,38,3593.388744
0.862891,156,3594.468969
0.40498,677,3599.814089
0.78291,247,3601.741392
0.960449,45,3602.276942
0.927051,83,3602.659878
0.637012,413,3605.679558
0.969238,35,3606.190164
0.827734,196,3607.404053
0.83125,192,3609.104109
0.753027,281,3611.072823
0.918262,93,3611.823471
0.896289,118,3612.688828
0.972754,31,3612.863438
0.643164,406,3615.862124
0.956934,49,3616.071708
0.694141,348,3618.801559
0.941992,66,3619.45661
0.836523,186,3620.663722
0.904199,109,3621.494953
0.912109,100,3622.3838
0.965723,39,3622.556335
0.95166,55,3622.796039
0.933203,76,3623.49821
0.940234,68,3624.166764
0.777637,253,3626.041181
0.937598,71,3626.407662
0.279297,820,3632.327978
0.571094,488,3636.108501
0.974512,29,3636.580914
0.92793,82,3636.974984
0.651953,396,3639.880981
0.898047,116,3640.785454
0.745117,290,3642.852035
0.96748,37,3643.387309
0.942871,65,3643.663898
0.745996,289,3645.816154
0.825098,199,3647.437176
0.877832,139,3648.520708
0.666895,379,3651.29412
0.850586,170,3652.452733
0.416406,664,3657.752923
0.933203,76,3658.105061
0.949023,58,3658.728556
0.970117,34,3658.879898
0.909473,103,3659.772999
0.973633,30,3659.927175
0.970996,33,3660.09821
0.8875,128,3661.067396
0.89541,119,3661.933931
0.530664,534,3665.939235
0.912109,100,3666.777519
0.973633,30,3666.9338
0.942871,65,3667.588097
0.623828,428,3670.701997
0.820703,204,3672.336157
0.946387,61,3672.594822
0.832129,191,3674.358281
0.906836,106,3675.192811
0.778516,252,3677.058777
0.909473,103,3677.557191
0.508691,559,3682.179176
0.575488,483,3685.524112
0.95957,46,3686.135903
0.76709,265,3688.034082
0.624707,427,3691.107419
0.398828,684,3696.441364
0.812793,213,3697.840069
0.872559,145,3698.939493
0.908594,104,3699.77675
0.940234,68,3700.469403
0.522754,543,3704.32671
0.862012,157,3705.411988
0.922656,88,3706.170887
0.968359,36,3706.32646
0.957812,48,3706.870358
0.973633,30,3707.030133
0.813672,212,3708.309605
0.974512,29,3708.811903
0.974512,29,3708.946994
0.968359,36,3709.101649
0.730176,307,3711.477886
0.732812,304,3713.635076
0.962207,43,3713.820585
0.970996,33,3714.395223
0.965723,39,3714.585668
0.58252,475,3718.467467
0.846191,175,3719.726197
0.800488,227,3721.452948
0.964844,40,3721.622607
0.957812,48,3721.835263
0.96748,37,3722.478721
0.819824,205,3723.816281
0.6625,384,3726.721358
0.836523,186,3728.321965
0.914746,97,3728.757305
0.793457,235,3730.542331
0.948145,59,3731.266136
0.95166,55,3731.499567
0.75127,283,3733.455847
0.87959,137,3734.595084
0.889258,126,3735.593298
0.933203,76,3736.296351
0.765332,267,3738.300643
0.874316,143,3739.352625
0.946387,61,3739.954221
0.576367,482,3743.71983
0.898047,116,3744.274951
0.818945,206,3746.045571
0.800488,227,3747.936584
0.974512,29,3748.08251
0.954297,52,3748.32936
0.974512,29,3748.9496
0.904199,109,3749.778287
0.90332,110,3750.306876
0.949902,57,3751.082067
0.743359,292,3753.18671
0.955176,51,3753.74272
0.715234,324,3756.252537
0.883105,133,3757.26024
0.758301,275,3759.186017
0.865527,153,3760.22965
0.819824,205,3761.947467
0.781152,249,3763.868676
0.897168,117,3764.761583
0.820703,204,3766.045025
0.618555,434,3769.6559
0.973633,30,3769.797884
0.861133,158,3770.994531
0.829492,194,3772.697023
0.941113,67,3772.981979
0.30918,786,3779.229526
0.817187,208,3780.572676
0.671289,374,3783.566732
0.915625,96,3784.358118
0.969238,35,3784.509701
0.75918,274,3786.482394
0.939355,69,3787.202471
0.949023,58,3787.448442
0.869043,149,3788.46227
0.917383,94,3789.266224
0.848828,172,3790.373137
0.891016,124,3791.282163
0.708203,332,3793.936459
0.882227,134,3794.978869
0.965723,39,3795.14873
0.965723,39,3795.701911
0.914746,97,3796.169
0.777637,253,3797.988765
0.888379,127,3798.948159
0.834766,188,3800.550389
0.762695,270,3802.454416
0.683594,360,3805.219506
0.806641,220,3806.905138
0.738965,297,3809.037775
0.833008,190,3810.259678
0.949902,57,3810.883099
0.964844,40,3811.087998
0.898926,115,3812.041315
0.966602,38,3812.204344
0.868164,150,3813.285
0.829492,194,3814.995119
0.618555,434,3818.080227
0.781152,249,3819.98743
0.231836,874,3826.409486
0.971875,32,3826.544882
0.918262,93,3827.29785
0.953418,53,3827.884288
0.917383,94,3828.331451
0.83916,183,3829.961641
0.796094,232,3831.387081
0.779395,251,3833.480811
0.762695,270,3835.957135
0.92793,82,3836.360869
0.927051,83,3837.133189
0.899805,114,3838.092915
0.789062,240,3839.968041
0,1024,3847.739217
0.861133,158,3848.821413
0.610645,443,3851.977586
0.49375,576,3856.319941
0.810156,216,3857.618881
0.693262,349,3860.377077
0.713477,326,3862.980214
0.908594,104,3863.792261
0.975391,28,3863.959245
0.857617,162,3865.075988
0.950781,56,3865.655131
0.933203,76,3866.028319
0.818945,206,3867.693945
0.698535,343,3870.145702
0.811035,215,3871.836451
0.972754,31,3871.971935
0.97627,27,3872.44495
0.631738,419,3875.419888
0.906836,106,3876.353122
0.884863,131,3877.346678
0.52627,539,3881.398854
0.908594,104,3882.271926
0.966602,38,3882.443763
0.885742,130,3883.484244
0.469141,604,3888.095998
0.658984,388,3890.965645
0.974512,29,3891.09439
0.840918,181,3892.25376
0.966602,38,3892.796682
0.925293,85,3893.164762
0.93584,73,3893.861803
0.964844,40,3894.033032
0.862891,156,3895.053288
0.732812,304,3897.690404
0.797852,230,3899.497982
0.897168,117,3900.442176
0.368066,719,3905.531117
0.90332,110,3906.391269
0.909473,103,3907.204787
0.953418,53,3907.435439
0.695898,346,3910.094276
0.949023,58,3910.393737
0.95166,55,3911.123307
0.830371,193,3912.461133
0.632617,418,3915.742772
0.653711,394,3918.705176
0.775,256,3920.660814
0.796094,232,3922.054929
0.882227,134,3923.461776
0.716113,323,3925.721953
0.805762,221,3927.562046
0.760059,273,3929.628867
0.964844,40,3929.802031
0.845313,176,3931.377464
0.957812,48,3931.62913
0.966602,38,3931.795198
0.915625,96,3932.597373
0.78291,247,3934.553983
0.972754,31,3934.691387
0.912109,100,3935.59073
0.932324,77,3936.265275
0.904199,109,3936.744464
0.637012,413,3940.067317
0.916504,95,3940.497671
0.84707,174,3942.019519
0.6625,384,3944.834968
0.97627,27,3944.956582
0.804004,223,3946.748371
0.944629,63,3947.026668
0.946387,61,3947.694302
0.934082,75,3948.035736
0.447168,629,3952.869188
0.845313,176,3954.344472
0.970996,33,3954.542909
0.94375,64,3954.867497
0.761816,271,3956.78851
0.882227,134,3957.750988
0.758301,275,3960.157931
0.970117,34,3960.316536
0.920898,90,3961.072264
0.956055,50,3961.295641
0.497266,572,3965.309221
0.946387,61,3965.971523
0.820703,204,3967.626748
0.656348,391,3970.694235
0.765332,267,3972.753474
0.938477,70,3973.065531
0.894531,120,3973.994128
0.963965,41,3974.169938
0.75918,274,3976.548794
0.354004,735,3981.683436
0.722266,316,3984.160975
0.964844,40,3984.332338
0.885742,130,3985.337705
0.873437,144,3986.392048
0.95166,55,3987.134191
0.958691,47,3987.337918
0.518359,548,3991.197861
0.842676,179,3992.817407
0.792578,236,3994.674422
0.964844,40,3994.874802
0.970996,33,3995.018322
0.969238,35,3995.189592
0.932324,77,3995.931435
0.745117,290,3998.018065
0.888379,127,3998.959099
0.789062,240,4000.909555
0.928809,81,4001.663709
0.788184,241,4003.571858
0.778516,252,4005.431029
0.772363,259,4007.337345
0.840039,182,4008.519281
0.811035,215,4010.306106
0.96748,37,4010.525729
0.679199,365,4013.438807
0.922656,88,4014.193835
0.79082,238,4015.723109
0.81543,210,4017.475028
0.86377,155,4018.517552
0.724902,313,4021.160114
0.699414,342,4023.562804
0.970117,34,4024.065643
0.801367,226,4025.506744
0.781152,249,4027.352064
0.931445,78,4028.076179
0.83916,183,4029.309285
0.971875,32,4029.818318
0.970117,34,4029.999818
0.930566,79,4030.698711
0.949902,57,4030.959986
0.894531,120,4031.950188
0.833887,189,4033.133149
0.862891,156,4034.618868
0.837402,185,4035.838928
0.826855,197,4037.44983
0.858496,161,4038.54789
0.845313,176,4039.712946
0.891016,124,4040.68966
0.945508,62,4041.361889
0.523633,542,4045.291126
0.97627,27,4045.425803
0.964844,40,4045.60208
0.971875,32,4046.116349
0.884863,131,4047.123488
0.964844,40,4047.29761
0.921777,89,4048.073281
0.864648,154,4049.231351
0.762695,270,4051.284979
0.627344,424,4054.342346
0.892773,122,4055.261306
0.840039,182,4056.782573
0.972754,31,4056.917245
0.447168,629,4061.589834
0.547363,515,4065.41853
0.870801,147,4066.505967
0.958691,47,4066.703898
0,1024,4074.463302
0.856738,163,4075.9712
0.97627,27,4076.087916
0.634375,416,4078.99931
0.96748,37,4079.157953
0.852344,168,4080.642357
0.975391,28,4080.764772
0.934082,75,4081.420625
0.972754,31,4081.55643
0.776758,254,4083.498555
0.893652,121,4084.51941
0.972754,31,4084.654905
0.956934,49,4084.865808
0.938477,70,4085.649626
0.860254,159,4086.80712
0.206348,903,4093.616205
0.912109,100,4094.442372
0.820703,204,4096.125191
0.769727,262,4098.16828
0.577246,481,4101.478867
0.735449,301,4104.159377
0.877832,139,4105.232017
0.924414,86,4105.952477
0.962207,43,4106.200651
0.882227,134,4107.320234
0.854102,166,4108.456033
0.974512,29,4108.578243
0.973633,30,4109.092362
0.753906,280,4111.247417
0.880469,136,4112.289922
0.898047,116,4113.28966
0.699414,342,4115.57816
0.894531,120,4116.468125
0.93584,73,4117.179043
0.975391,28,4117.29839
0.709961,330,4119.839991
0.970117,34,4120.011561
0.852344,168,4121.158092
0.687988,355,4123.995081
0.973633,30,4124.121955
0.84707,174,4125.652342
0.975391,28,4125.78874
0.884863,131,4126.807224
0.941992,66,4127.090912
0.58252,475,4130.703419
0.96748,37,4130.860464
0.885742,130,4132.240941
0.956055,50,4132.527447
0.783789,246,4134.342093
0.850586,170,4135.474818
0.811914,214,4137.284595
0.92793,82,4137.68357
0.949023,58,4138.324412
0.972754,31,4138.474884
0.937598,71,4139.180616
0.800488,227,4140.553791
0.957812,48,4141.145396
0.713477,326,4143.322665
0.970996,33,4143.849739
0.970996,33,4143.998218
0.962207,43,4144.181252
0.898047,116,4145.074185
0.898926,115,4145.950146
0.925293,85,4146.759962
0.626465,425,4149.794348
0.958691,47,4149.996224
0.810156,216,4151.859951
0.974512,29,4152.006592
0.914746,97,4152.827995
0.956055,50,4153.04202
0.970117,34,4153.561638
0.905078,108,4154.540009
0.931445,78,4154.90039
0.966602,38,4155.069369
0.961328,44,4155.726728
0.963086,42,4155.90873
0.910352,102,4156.744842
0.714355,325,4159.367374
0.749512,285,4161.379277
0.535059,529,4165.28856
0.891895,123,4166.206808
0.962207,43,4166.388309
0.683594,360,4169.041069
0.512207,555,4173.042363
0.96748,37,4173.569938
0.818945,206,4174.873258
0.54209,521,4178.688803
0.773242,258,4180.63102
0.925293,85,4181.37247
0.645801,403,4184.303259
0.783789,246,4186.235548
0.956055,50,4186.485097
0.921777,89,4187.351797
0.97627,27,4187.465484
0.537695,526,4191.576502
0.963965,41,4192.130105
0.974512,29,4192.2549
0.929688,80,4193.054131
0.934961,74,4193.393388
0.870801,147,4194.537015
0.912109,100,4195.339067
0.913867,98,4196.227437
0.905078,108,4197.070879
0.958691,47,4197.277991
0.876074,141,4198.398619
0.953418,53,4199.006881
0.944629,63,4199.297983
0.975391,28,4199.417878
0.811035,215,4201.240107
0.771484,260,4203.2397
0.466504,607,4207.955194
0.659863,387,4210.895954
0.722266,316,4213.349132
0.97627,27,4213.470329
0.941992,66,4214.186257
0.963086,42,4214.38254
0.902441,111,4215.263851
0.796973,231,4217.12124
0.886621,129,4218.072167
0.957812,48,4218.315134
0.963965,41,4218.982195
0.588672,468,4222.285338
0.898047,116,4223.16524
0.936719,72,4223.927342
0.956055,50,4224.164814
0.968359,36,4224.31744
0.883105,133,4225.671188
0.840039,182,4226.959744
0.818066,207,4228.599751
0.975391,28,4228.788322
0.714355,325,4230.999208
0.916504,95,4231.777202
0.885742,130,4232.763013
0.787305,242,4234.557781
0.914746,97,4235.354373
0.89541,119,4236.300775
0.814551,211,4237.667713
0.940234,68,4238.438741
0.869043,149,4239.465033
0.949902,57,4239.71978
0.960449,45,4240.281362
0.739844,296,4242.490602
0.615039,438,4245.974736
0.841797,180,4247.290522
0.840039,182,4248.462162
0.954297,52,4249.036667
0.809277,217,4250.371552
0.924414,86,4251.119032
0.782031,248,4253.099563
0.869043,149,4254.139664
0.801367,226,4255.861751
0.644922,404,4258.775972
0.86377,155,4259.827013
0.945508,62,4260.490709
0.957812,48,4260.692698
0.968359,36,4261.212245
0.87959,137,4262.188751
0.775879,255,4264.015288
0.971875,32,4264.194623
0.78291,247,4266.044143
0.680957,363,4268.849525
0.870801,147,4269.901814
0.753027,281,4271.929173
0.658984,388,4274.819568
0.644922,404,4277.711613
0.875195,142,4278.712954
0.833008,190,4280.287087
0.796094,232,4282.078229
0.768848,263,4284.153074
0.497266,572,4288.247472
0.305664,790,4294.058206
0.973633,30,4294.188607
0.881348,135,4295.441633
0.965723,39,4295.645185
0.902441,111,4296.505281
0.920898,90,4296.913619
0.721387,317,4299.508527
0.705566,335,4301.717596
0.881348,135,4303.184622
0.97627,27,4303.354341
0.904199,109,4304.343537
0.891895,123,4305.280255
0.948145,59,4305.537801
0.623828,428,4308.638921
0.928809,81,4309.363239
0.91123,101,4310.205791
0.95166,55,4310.486391
0.975391,28,4310.626753
0.87168,146,4312.015196
0.912988,99,4312.475748
0.819824,205,4314.132248
0.333789,758,4319.885027
0.95957,46,4320.131202
0.62207,430,4323.666569
0.869922,148,4324.750894
0.830371,193,4326.00539
0.926172,84,4326.724085
0.94375,64,4326.993609
0.696777,345,4329.711848
0.853223,167,4330.875597
0.805762,221,4332.656895
0.960449,45,4332.846364
0.968359,36,4333.371778
0.949902,57,4333.62622
0.97627,27,4333.757933
0.668652,377,4336.599827
0.884863,131,4337.634507
0.880469,136,4338.643478
0.897168,117,4339.588235
0.974512,29,4340.076605
0.952539,54,4340.350584
0.917383,94,4341.141934
0.724023,314,4343.228194
0.825098,199,4344.825995
0.701172,340,4347.296494
0.898926,115,4348.199886
0.970117,34,4348.715913
0.658105,389,4351.585604
0.97627,27,4351.722405
0.97627,27,4351.850439
0.908594,104,4352.722934
0.666016,380,4355.517433
0.443652,633,4360.239534
0.76709,265,4362.289131
0.757422,276,4364.188357
0.805762,221,4365.907218
0.946387,61,4366.166131
0.852344,168,4367.690246
0.917383,94,4368.175278
0.924414,86,4369.042396
0.934082,75,4369.712525
0.930566,79,4370.104931
0.438379,639,4374.835144
0.925293,85,4375.589023
0.913867,98,4376.347795
0.939355,69,4376.665091
0.939355,69,4377.346092
0.971875,32,4377.501866
0.901563,112,4378.477163
0.818945,206,4379.835772
0.915625,96,4380.671979
0.963086,42,4380.850038
0.958691,47,4381.425667
0.257324,845,4387.475424
0.854102,166,4388.91377
0.970117,34,4389.062793
0.873437,144,4390.086272
0.861133,158,4391.172674
0.921777,89,4391.953434
0.845313,176,4393.158871
0.366309,721,4398.753149
0.975391,28,4398.872878
0.748633,286,4400.92106
0.949902,57,4401.544554
0.949023,58,4401.793472
0.859375,160,4403.308196
0.891895,123,4404.199083
0.97627,27,4404.334892
0.950781,56,4404.575914
0.950781,56,4405.207566
0.829492,194,4406.431381
0.876074,141,4407.432451
0.926172,84,4408.26554
0.848828,172,4409.494541
0.55791,503,4413.409341
0.908594,104,4414.252839
0.599219,456,4417.881819
0.627344,424,4421.009046
0.784668,245,4422.918961
0.838281,184,4424.10123
0.890137,125,4425.010198
0.85498,165,4426.584143
0.958691,47,4426.80302
0.786426,243,4428.690596
0.709961,330,4430.902839
0.972754,31,4431.415521
0.963086,42,4431.653305
0.890137,125,4432.618423
0.889258,126,4433.551262
0.962207,43,4433.735154
0.915625,96,4434.55157
0.651953,396,4437.472073
0.848828,172,4438.649764
0.825977,198,4440.240547
0.728418,309,4442.414465
0.918262,93,4443.245057
0.867285,151,4444.400119
0.96748,37,4444.917711
0.821582,203,4446.305832
0.639648,410,4449.381912
0.946387,61,4450.04368
0.910352,102,4450.875793
0.937598,71,4451.188704
0.853223,167,4452.71195
0.970996,33,4452.91154
0.920898,90,4453.323907
0.835645,187,4454.903892
0.974512,29,4455.029803
0.974512,29,4455.152258
0.864648,154,4456.633008
0.924414,86,4457.02194
0.948145,59,4457.730246
0.820703,204,4459.178151
0.647559,401,4462.063595
0.781152,249,4464.03246
0.757422,276,4466.457675
0.97627,27,4466.609135
0.528027,537,4470.759398
0.843555,178,4472.005484
0.788184,241,4473.877573
0.806641,220,4475.642342
0.771484,260,4477.484002
0.909473,103,4478.336952
0.928809,81,4478.703469
0.748633,286,4481.130726
0.856738,163,4482.326169
0.851465,169,4483.489369
0.922656,88,4484.252389
0.956055,50,4484.461127
0.881348,135,4485.424977
0.81543,210,4487.116938
0.513086,554,4491.197966
0.824219,200,4492.970021
0.757422,276,4494.903439
0.648438,400,4497.838929
0.949023,58,4498.426501
0.83916,183,4499.814724
0.958691,47,4500.034977
0.733691,303,4502.557526
0.714355,325,4504.820877
0.601855,453,4508.392802
0.792578,236,4510.239995
0.538574,525,4514.383552
0.95957,46,4514.581878
0.697656,344,4517.373649
0.973633,30,4517.502114
0.928809,81,4518.244128
0.812793,213,4519.554394
0.971875,32,4520.065076
0.970117,34,4520.219053
0.789062,240,4522.031274
0.936719,72,4522.336801
0.962207,43,4522.884003
0.75918,274,4524.818896
0.841797,180,4526.002185
0.73457,302,4528.536311
0.929688,80,4528.940139
0.674805,370,4531.857844
0.651953,396,4534.980948
0.596582,459,4538.591327
0.952539,54,4538.850493
0.922656,88,4539.640226
0.931445,78,4540.301769
0.843555,178,4541.524978
0.745996,289,4543.644388
0.975391,28,4543.777791
0.891016,124,4544.700488
0.387402,697,4550.106957
0.536816,527,4554.065448
0.971875,32,4554.224366
0.948145,59,4554.859567
0.87168,146,4555.927125
0.89541,119,4556.889322
0.915625,96,4557.298468
0.502539,566,4561.834869
0.142188,976,4568.777539
0.96748,37,4569.30897
0.731055,306,4571.519783
0.723145,315,4574.024198
0.947266,60,4574.309013
0.894531,120,4575.215064
0.777637,253,4577.087701
0.975391,28,4577.20499
0.483203,588,4581.677742
0.877832,139,4582.671068
0.744238,291,4584.705397
0.760059,273,4586.837319
0.787305,242,4588.797362
0.884863,131,4589.806799
0.862891,156,4590.911838
0.928809,81,4591.673888
0.843555,178,4592.906519
0.765332,267,4595.188941
0.743359,292,4597.432472
0.684473,359,4600.211073
0.854102,166,4601.385982
0.295117,802,4607.269719
0.824219,200,4608.877886
0.958691,47,4609.118798
0.941113,67,4609.909143
0.830371,193,4611.240798
0.840918,181,4612.883491
0.476172,596,4617.128141
0.850586,170,4618.797647
0.956055,50,4619.039135
0.886621,129,4619.995491
0.974512,29,4620.120633
0.969238,35,4620.270703
0.971875,32,4620.780296
0.96748,37,4620.939318
0.916504,95,4621.767778
0.97627,27,4621.882986
0.853223,167,4622.995014
0.694141,348,4625.71905
0.97627,27,4625.845833
0.769727,262,4627.845674
0.862891,156,4628.926137
0.361035,727,4634.466868
0.256445,846,4641.038359
0.869043,149,4642.086054
0.90332,110,4642.922047
0.92793,82,4643.281047
0.955176,51,4643.893903
0.738086,298,4645.983941
0.96748,37,4646.140295
0.669531,376,4648.914631
0.910352,102,4649.741767
0.969238,35,4649.892922
0.891016,124,4650.80366
0.970996,33,4651.305979
0.974512,29,4651.434205
0.818066,207,4653.109451
0.82334,201,4654.455251
0.912988,99,4655.267278
0.942871,65,4655.59227
0.346094,744,4661.15663
0.969238,35,4661.307556
0.916504,95,4662.126054
0.969238,35,4662.274961
0.857617,162,4663.747263
0.496387,573,4667.919929
0.96748,37,4668.118259
0.463867,610,4672.820481
0.853223,167,4674.286111
0.956055,50,4674.530329
0.892773,122,4675.426169
0.957812,48,4675.633473
0.909473,103,4676.543231
0.954297,52,4676.787153
0.960449,45,4677.409995
0.543848,519,4681.417548
0.553516,508,4685.28887
0.82334,201,4686.597462
0.793457,235,4688.453651
0.92002,91,4689.278672
0.817187,208,4691.188656
0.46123,613,4695.653996
0.925293,85,4696.533814
0.968359,36,4696.689927
0.793457,235,4698.598417
0.873437,144,4699.731429
0.775,256,4701.790184
0.975391,28,4702.242341
0.898926,115,4702.80499
0.763574,269,4705.20472
0.958691,47,4705.469765
0.222168,885,4712.317011
0.788184,241,4714.287981
0.929688,80,4714.643111
0.958691,47,4715.243532
0.836523,186,4716.492583
0.961328,44,4716.691252
0.506934,561,4721.367447
0.778516,252,4723.345649
0.912109,100,4724.174468
