# {"t_start": 1587737942.1266258, "env_id": "MiniGrid-Unlock-v0"} 
r,l,t
0,288,3.808229
0,288,5.318138
0,288,6.7797
0,288,8.298399
0,288,10.072675
0,288,11.546715
0,288,13.042134
0,288,14.476958
0,288,16.254682
0,288,17.697634
0,288,19.149426
0,288,20.678851
0,288,22.487911
0,288,24.013608
0,288,25.495369
0,288,26.968897
0,288,28.764166
0,288,30.24543
0,288,31.662917
0,288,33.161117
0,288,34.931165
0,288,36.406884
0,288,37.909
0,288,39.382224
0,288,41.102028
0,288,42.641927
0,288,44.145937
0,288,45.63085
0.40625,190,46.781077
0,288,48.280638
0,288,49.764298
0,288,51.564159
0,288,53.025527
0,288,54.480173
0,288,55.934654
0,288,57.67928
0,288,59.190379
0,288,60.723876
0,288,62.144015
0,288,63.871748
0,288,65.366105
0,288,66.803506
0,288,68.378221
0,288,70.140752
0.2625,236,71.422978
0,288,72.977296
0.378125,199,73.885597
0,288,75.61539
0,288,77.089013
0,288,78.567599
0,288,79.990848
0,288,81.684029
0,288,83.207947
0,288,84.748156
0.209375,253,86.140396
0,288,87.62325
0.796875,65,88.113067
0,288,89.586439
0,288,91.023021
0.409375,189,92.196688
0,288,93.715679
0,288,95.255051
0,288,96.971642
0.696875,97,97.314576
0,288,99.055639
0,288,100.573295
0.5375,148,101.322961
0,288,102.81146
0,288,104.538265
0,288,105.999732
0.1625,268,107.417957
0,288,108.893724
0,288,110.335218
0,288,112.026333
0.40625,190,112.902285
0,288,114.360247
0,288,116.15414
0.74375,82,116.439567
0,288,117.918459
0,288,119.67542
0,288,121.163145
0.71875,90,121.713107
0,288,123.19464
0,288,124.716553
0,288,126.203336
0,288,127.980414
0,288,129.471633
0,288,130.911579
0,288,132.381188
0,288,134.143757
0.515625,155,134.927339
0.415625,187,135.794486
0,288,137.520373
0.790625,67,137.75252
0,288,139.219388
0,288,141.030971
0.14375,274,142.497764
0.178125,263,143.917968
0,288,145.350521
0,288,146.789987
0,288,148.536121
0.68125,102,148.879729
0,288,150.641989
0,288,152.17594
0,288,153.691958
0,288,155.164805
0,288,156.897405
0,288,158.355183
0,288,159.815463
0,288,161.261264
0,288,162.971195
0.35,208,163.895673
0,288,165.395667
0.715625,91,165.943344
0,288,167.471065
0,288,169.176016
0.1125,284,170.65314
0,288,172.085061
0,288,173.485353
0,288,175.197867
0,288,176.674896
0.38125,198,177.580949
0,288,179.341714
0.584375,133,180.058082
0,288,181.596831
0.346875,209,182.811257
0,288,184.24218
0.203125,255,185.62329
0,288,187.102379
0,288,188.54339
0,288,190.294138
0,288,191.804243
0,288,193.307692
0,288,194.809647
0.525,152,195.870731
0.23125,246,196.984632
0,288,198.789547
0.765625,75,199.033605
0,288,200.762585
0.428125,183,201.654048
0,288,203.052328
0,288,204.715553
0,288,206.219262
0,288,207.727033
0,288,209.227379
0.603125,127,209.940358
0.6625,108,210.549587
0,288,212.045111
0,288,213.743014
0,288,215.298057
0.68125,102,215.919062
0.234375,245,217.230561
0,288,218.701789
0,288,220.133129
0,288,221.602363
0.6375,116,222.228259
0,288,223.674438
0,288,225.384163
0,288,226.901453
0,288,228.391983
0,288,229.855464
0,288,231.621237
0.275,232,232.889237
0.725,88,233.208359
0.121875,281,234.609689
0.459375,173,235.681171
0,288,237.174442
0,288,238.676251
0,288,240.441021
0,288,241.939843
0,288,243.389981
0,288,244.820608
0,288,246.48276
0.425,184,247.374065
0,288,248.818659
0,288,250.328749
0.621875,121,250.998693
0,288,252.761546
0.109375,285,254.211059
0,288,255.677531
0.546875,145,256.398463
0,288,257.860681
0,288,259.655601
0,288,261.151233
0.125,280,262.713933
0,288,264.219945
0,288,265.936333
0.25,240,267.184091
0,288,268.646332
0,288,270.11343
0,288,271.571314
0,288,273.375603
0.1375,276,274.833546
0.378125,199,275.740216
0,288,277.419463
0.33125,214,278.495016
0,288,279.969212
0,288,281.729458
0.60625,126,282.394542
0,288,283.890426
0.81875,58,284.080516
0,288,285.763617
0.225,248,287.097593
0,288,288.561312
0.128125,279,289.97714
0,288,291.489599
0.340625,211,292.689432
0,288,294.175097
0,288,295.614435
0.121875,281,297.381025
0,288,298.881905
0.53125,150,299.638667
0,288,301.034474
0,288,302.683275
0.328125,215,303.720652
0,288,305.216442
0,288,306.941084
0,288,308.454792
0,288,309.907869
0.959375,13,309.95047
0.5875,132,310.671445
0,288,312.46481
0,288,313.934074
0,288,315.422342
0,288,316.895917
0.40625,190,318.078819
0.784375,69,318.304978
0,288,320.068917
0.13125,278,321.593097
0,288,323.080975
0,288,324.547492
0,288,326.209182
0,288,327.698616
0,288,329.188539
0,288,330.647827
0,288,332.358484
0,288,333.838108
0,288,335.381078
0,288,336.89773
0,288,338.542475
0,288,340.039718
0,288,341.509159
0,288,342.994422
0.615625,123,343.661283
0,288,345.102911
0,288,346.877873
0,288,348.291549
0.90625,30,348.38431
0,288,349.819289
0,288,351.604846
0.146875,273,353.065917
0,288,354.554477
0.2,256,355.951564
0,288,357.430092
0.66875,106,358.043413
0,288,359.546449
0,288,361.313975
0,288,362.773429
0,288,364.22378
0,288,365.669879
0.4375,180,366.792042
0,288,368.251013
0,288,369.694327
0,288,371.45411
0.140625,275,372.908225
0,288,374.359084
0.203125,255,375.713588
0.615625,123,376.401144
0.3625,204,377.610263
0,288,379.157412
0.346875,209,380.0813
0.7875,68,380.594512
0.821875,57,380.785856
0,288,382.546667
0.271875,233,383.613594
0,288,385.410384
0.58125,134,386.104036
0.721875,89,386.393312
0,288,388.144215
0,288,389.637281
0,288,391.131276
0,288,392.608221
0,288,394.404878
0,288,395.913697
0,288,397.432387
0,288,398.910159
0.3625,204,400.05253
0,288,401.519331
0.390625,195,402.706743
0.15,272,404.084157
0,288,405.591999
0.303125,223,406.907559
0,288,408.340564
0,288,409.803928
0,288,411.490844
0.153125,271,412.843686
0,288,414.304439
0,288,415.796662
0,288,417.481259
0.290625,227,418.510683
0,288,420.249724
0,288,421.733788
0.25625,238,423.069314
0,288,424.573148
0,288,426.047806
0,288,427.490989
0,288,429.27346
0.415625,187,430.138767
0.50625,158,430.898759
0,288,432.68499
0,288,434.229699
0,288,435.692768
0.271875,233,437.000296
0,288,438.428097
0.790625,67,438.923873
0,288,440.39601
0,288,441.885625
0,288,443.375884
0.475,168,444.416744
0.515625,155,445.19771
0.4875,164,446.009493
0,288,447.671766
0,288,449.179785
0,288,450.601915
0,288,452.095922
0.39375,194,453.280963
0,288,454.789018
0.221875,249,456.141265
0,288,457.664212
0,288,459.203867
0,288,460.950588
0.78125,70,461.175178
0.371875,201,462.372528
0.740625,83,462.896679
0.53125,150,463.6517
0,288,465.127371
0.35,208,466.377412
0,288,467.868778
0,288,469.487413
0,288,471.009519
0.321875,217,472.272658
0.6625,108,472.912533
0,288,474.374548
0.840625,51,474.537013
0,288,476.287871
0.59375,130,476.992358
0.365625,203,477.903431
0,288,479.575891
0,288,480.974742
0,288,482.474472
0,288,483.938277
0.38125,198,485.168302
0,288,486.684735
0.83125,54,487.115708
0,288,488.635309
0,288,490.111702
0.378125,199,491.254797
0,288,492.78475
0.278125,231,494.071826
0,288,495.564768
0,288,497.032314
0,288,498.45562
0,288,500.115679
0,288,501.619241
0,288,503.201438
0,288,504.73631
0,288,506.477296
0.7,96,506.797334
0,288,508.493548
0,288,509.951243
0.378125,199,510.864527
0,288,512.639554
0.43125,182,513.501496
0,288,514.913371
0,288,516.688462
0,288,518.193027
0,288,519.692178
0,288,521.131522
0,288,522.817111
0,288,524.264919
0,288,525.758094
0,288,527.240593
0,288,529.012845
0,288,530.531642
0.13125,278,531.948502
0,288,533.41209
0,288,535.088881
0,288,536.64407
0,288,538.212585
0,288,539.723017
0,288,541.426816
0,288,542.930382
0.590625,131,543.647182
0,288,545.054396
0,288,546.533106
0.428125,183,547.700211
0.3375,212,548.661109
0,288,550.356739
0.11875,282,551.904206
0.134375,277,553.370148
0,288,554.905769
0.475,168,555.996182
0,288,557.526795
0.415625,187,558.391402
0.4125,188,559.597205
0,288,561.072449
0,288,562.500153
0.4375,180,563.608875
0,288,565.131991
0.409375,189,566.027405
0,288,567.807301
0.25625,238,569.122063
0,288,570.66209
0,288,572.082443
0.284375,229,573.350824
0,288,574.905763
0,288,576.414751
0,288,578.097869
0,288,579.650162
0.484375,165,580.469913
0,288,581.933432
0.165625,267,583.338727
0.115625,283,585.113787
0.521875,153,585.913878
0,288,587.401162
0,288,588.863636
0.6625,108,589.508603
0.175,264,590.890078
0.765625,75,591.406621
0,288,592.810509
0,288,594.348869
0,288,596.129612
0.7125,92,596.464872
0,288,598.25244
0,288,599.697884
0,288,601.136923
0.859375,45,601.289942
0,288,603.043651
0,288,604.497014
0,288,606.013253
0,288,607.479215
0,288,609.226044
0,288,610.676364
0,288,612.14449
0,288,613.639222
0,288,615.349507
0.29375,226,616.339867
0,288,618.118043
0,288,619.608691
0,288,621.07687
0,288,622.618439
0,288,624.395545
0,288,625.882232
0.134375,277,627.299137
0,288,628.748186
0,288,630.46059
0,288,631.922609
0,288,633.376626
0,288,634.842081
0,288,636.607162
0,288,638.087345
0,288,639.503138
0,288,640.916694
0.175,264,642.333343
0.59375,130,643.014135
0,288,644.750565
0,288,646.216273
0,288,647.724412
0.1125,284,649.229807
0,288,650.958277
0,288,652.432567
0,288,653.838705
0.775,72,654.343518
0,288,655.868128
0.2125,252,657.184017
0,288,658.667167
0,288,660.191416
0,288,661.950349
0.26875,234,663.05426
0,288,664.80509
0,288,666.283721
0.296875,225,667.516345
0,288,669.018325
0.3,224,670.323592
0,288,671.798127
0,288,673.293606
0,288,674.961021
0,288,676.499062
0.671875,105,677.113525
0,288,678.615415
0.325,216,679.775296
0,288,681.262758
0.675,104,681.837083
0.403125,191,682.758325
0.33125,214,684.01773
0,288,685.484694
0,288,686.945845
0,288,688.43468
0.58125,134,689.400846
0,288,690.95896
0,288,692.444828
0.3375,212,693.663655
0.365625,203,694.591741
0.2125,252,695.92564
0.275,232,697.208711
0,288,698.713555
0.721875,89,699.27928
0,288,700.806862
0,288,702.530069
0.3125,220,703.576116
0.940625,19,703.637577
0,288,705.356888
0.353125,207,706.28235
0.1375,276,707.675133
0.39375,194,708.892376
0.503125,159,709.719532
0,288,711.209612
0.10625,286,712.938812
0,288,714.395921
0,288,715.861443
0.45625,174,716.707928
0,288,718.470211
0.70625,94,718.770667
0,288,720.479067
0.671875,105,721.079023
0,288,722.543801
0,288,723.964728
0,288,725.367795
0,288,727.142497
0,288,728.626184
0.153125,271,730.05852
0,288,731.532648
0,288,733.04024
0,288,734.793259
0.29375,226,735.858885
0.278125,231,737.194295
0,288,738.666352
0,288,740.320997
0,288,741.806822
0,288,743.271285
0.103125,287,744.812711
0.34375,210,746.030905
0,288,747.464172
0,288,749.217665
0,288,750.701161
0,288,752.160734
0,288,753.653296
0.5625,140,754.375276
0,288,756.111295
0.79375,66,756.327108
0.103125,287,757.756124
0.18125,262,759.415321
0.6375,116,759.83444
0.209375,253,761.167241
0.528125,151,762.157635
0,288,763.694119
0.609375,125,764.377734
0,288,765.792519
0,288,767.278626
0.778125,71,767.795139
0,288,769.247445
0,288,770.721596
0,288,772.445992
0,288,773.92833
0,288,775.460831
0,288,776.918897
0,288,778.634985
0,288,780.089344
0,288,781.529779
0.290625,227,782.866274
0,288,784.365081
0,288,785.860119
0.9125,28,786.182722
0,288,787.651891
0,288,789.123729
0,288,790.576444
0,288,792.274731
0,288,793.85866
0,288,795.365673
0,288,796.832989
0.2875,228,798.126487
0.546875,145,798.870431
0.725,88,799.439511
0,288,800.945974
0,288,802.410684
0.290625,227,803.730829
0,288,805.182566
0.625,120,805.833273
0.221875,249,807.12658
0,288,808.922945
0,288,810.40379
0.571875,137,811.08775
0,288,812.551867
0.23125,246,813.960536
0.159375,269,815.370511
0.1,288,816.77805
0,288,818.561162
0,288,820.015813
0,288,821.484089
0.340625,211,822.714758
0,288,824.230561
0,288,825.764511
0.634375,117,826.394647
0,288,828.122045
0.44375,178,829.030515
0,288,830.50158
0.103125,287,831.905538
0.446875,177,833.014222
0,288,834.463493
0.925,24,834.542875
0,288,836.002962
0.134375,277,837.688404
0,288,839.194954
0,288,840.666194
0,288,842.111952
0,288,843.782544
0.259375,237,844.847685
0,288,846.570559
0,288,848.024954
0.721875,89,848.589883
0,288,850.072281
0.525,152,850.804501
0,288,852.27485
0,288,853.932193
0,288,855.403872
0,288,856.824782
0,288,858.299444
0,288,860.104072
0.434375,181,860.989009
0.36875,202,862.161109
0.425,184,863.018234
0.553125,143,863.725418
0,288,865.223091
0,288,866.990391
0,288,868.429942
0,288,869.883585
0,288,871.356362
0,288,873.159207
0,288,874.616262
0,288,876.108432
0,288,877.534252
0,288,879.282479
0.3625,204,880.224725
0,288,881.960033
0.234375,245,883.040157
0.103125,287,884.801725
0,288,886.254129
0,288,887.716673
0,288,889.196336
0,288,890.934346
0,288,892.464612
0,288,894.022162
0.278125,231,895.350631
0,288,896.855331
0.25,240,898.163399
0,288,899.609469
0,288,901.35085
0.346875,209,902.326951
0,288,903.827546
0,288,905.519426
0,288,906.963463
0,288,908.382742
0,288,909.825386
0,288,911.583663
0.765625,75,911.833895
0.7125,92,912.398276
0.909375,29,912.496228
0.840625,51,912.939001
0.39375,194,913.860451
0,288,915.339457
0.221875,249,916.701143
0,288,918.416531
0,288,919.896003
0.75,80,920.146745
0,288,921.962621
0,288,923.397612
0,288,924.861228
0.5625,140,925.553383
0,288,927.303113
0,288,928.809613
0,288,930.252817
0,288,931.70555
0,288,933.513861
0,288,935.036378
0,288,936.541979
0,288,938.01138
0,288,939.801028
0.321875,217,940.774204
0.2625,236,942.02347
0,288,943.532701
0,288,945.26089
0.396875,193,946.172871
0,288,947.647357
0,288,949.332167
0.46875,170,950.186333
0.4375,180,951.047318
0.890625,35,951.435216
0,288,952.909254
0,288,954.328733
0.66875,106,954.941846
0,288,956.383246
0,288,957.896869
0,288,959.634454
0,288,961.111593
0,288,962.499257
0,288,963.919905
0.709375,93,964.493597
0,288,965.961725
0.81875,58,966.417287
0,288,967.859884
0,288,969.421547
0.70625,94,969.996302
0,288,971.448813
0,288,973.192584
0,288,974.708593
0.134375,277,976.143736
0.709375,93,976.689439
0,288,978.187648
0.15625,270,979.674031
0,288,981.157326
0,288,982.891231
0,288,984.345548
0,288,985.822493
0,288,987.313691
0.878125,39,987.719952
0,288,989.186166
0,288,990.647296
0.103125,287,992.10859
0,288,993.833237
0,288,995.349633
0.45625,174,996.188455
0.784375,69,996.664115
0.85,48,996.815563
0.340625,211,998.091277
0,288,999.538131
0,288,1000.965705
0,288,1002.729614
0,288,1004.223119
0,288,1005.676003
0,288,1007.062084
0,288,1008.790234
0,288,1010.218472
0,288,1011.654273
0.246875,241,1012.962159
0.478125,167,1013.774632
0,288,1015.430229
0,288,1016.902223
0,288,1018.350717
0.709375,93,1018.929777
0.53125,150,1019.710093
0,288,1021.207072
0,288,1022.670374
0.1625,268,1024.327804
0.46875,170,1025.175534
0.178125,263,1026.541019
0,288,1027.971883
0.75625,78,1028.490856
0.446875,177,1029.320751
0.796875,65,1029.81937
0,288,1031.370063
0.165625,267,1032.801849
0.178125,263,1034.209117
0,288,1035.660261
0,288,1037.465056
0,288,1039.0009
0,288,1040.501085
0.2875,228,1041.72983
0,288,1043.218085
0,288,1044.763856
0.671875,105,1045.33994
0,288,1046.845673
0,288,1048.532873
0,288,1049.972884
0,288,1051.50555
0.384375,197,1052.721703
0.484375,165,1053.56347
0,288,1055.033956
0,288,1056.497196
0,288,1058.184351
0,288,1059.660518
0,288,1061.156419
0,288,1062.689932
0,288,1064.394495
0,288,1065.871827
0,288,1067.343083
0.24375,242,1068.720181
0,288,1070.199489
0.375,200,1071.419319
0,288,1072.830812
0,288,1074.314241
0.11875,282,1075.971522
0.784375,69,1076.195037
0,288,1077.670583
0,288,1079.509252
0.8875,36,1079.637225
0,288,1081.178371
0,288,1082.660925
0.140625,275,1084.293031
0,288,1085.743261
0.40625,190,1086.627072
0,288,1088.289838
0.390625,195,1089.187019
0,288,1090.604876
0.528125,151,1091.586307
0,288,1093.097613
0,288,1094.597174
0,288,1096.084553
0,288,1097.782884
0,288,1099.281214
0,288,1100.758201
0,288,1102.305124
0.628125,119,1102.976932
0,288,1104.452751
0.71875,90,1105.027082
0.540625,147,1105.761878
0,288,1107.431562
0.15,272,1108.89553
0,288,1110.413737
0,288,1111.854905
0.125,280,1113.257594
0,288,1114.920656
0,288,1116.412456
0,288,1117.855453
0.634375,117,1118.530966
0,288,1119.977672
0,288,1121.713855
0.384375,197,1122.6833
0,288,1124.110217
0,288,1125.769985
0,288,1127.238049
0.6375,116,1127.89777
0,288,1129.369246
0.45,176,1130.257585
0,288,1132.013643
0.653125,111,1132.381725
0,288,1134.092493
0.171875,265,1135.524506
0,288,1136.937454
0,288,1138.417036
0.234375,245,1139.769682
0,288,1141.291001
0,288,1143.064489
0.25625,238,1144.389412
0.11875,282,1145.854711
0,288,1147.31491
0,288,1148.703053
0,288,1150.374209
0,288,1151.869979
0,288,1153.382217
0,288,1154.884649
0,288,1156.591737
0,288,1158.005706
0,288,1159.415152
0,288,1160.865382
0,288,1162.559396
0.6875,100,1162.895558
0,288,1164.57875
0,288,1166.032026
0.796875,65,1166.246183
0,288,1168.030731
0,288,1169.543211
0,288,1170.971661
0.915625,27,1171.05348
0,288,1172.770269
0,288,1174.284732
0,288,1175.74612
0,288,1177.247312
0,288,1178.989666
0,288,1180.507463
0.75,80,1180.768621
0,288,1182.455624
0.753125,79,1182.71549
0.19375,258,1184.020376
0.61875,122,1184.696018
0,288,1186.383619
0,288,1187.881893
0.621875,121,1188.549554
0.259375,237,1189.842261
0,288,1191.378099
0.25625,238,1192.695566
0,288,1194.143554
0,288,1195.665996
0.484375,165,1196.47591
0,288,1198.193845
0,288,1199.651634
0.334375,213,1200.849564
0,288,1202.261942
0,288,1203.798537
0,288,1205.256757
0.159375,269,1206.637141
0,288,1208.359053
0,288,1209.791127
0.475,168,1210.598315
0,288,1212.260949
0.4125,188,1213.172076
0,288,1214.597576
0,288,1216.083987
0.559375,141,1217.059465
0,288,1218.595278
0.7,96,1219.180355
0,288,1220.666972
0,288,1222.201492
0.828125,55,1222.650401
0.803125,63,1222.86148
0,288,1224.342697
0.415625,187,1225.52313
0,288,1226.987755
0,288,1228.428764
0,288,1229.885186
0,288,1231.621034
0.759375,77,1231.872782
0,288,1233.61264
0.7875,68,1233.834912
0,288,1235.291936
0.48125,166,1236.335587
0,288,1237.851988
0,288,1239.430736
0.70625,94,1240.01597
0.640625,115,1240.646629
0,288,1242.115826
0.14375,274,1243.515177
0,288,1244.94128
0.3625,204,1246.204982
0,288,1247.698383
0.121875,281,1249.166891
0,288,1250.870565
0.3875,196,1251.760428
0,288,1253.462052
0,288,1254.932417
0.63125,118,1255.594415
0,288,1257.092867
0,288,1258.53139
0.303125,223,1259.805699
0.896875,33,1259.912732
0,288,1261.416378
0,288,1263.177202
0,288,1264.649763
0,288,1266.108611
0,288,1267.630863
0,288,1269.323906
0,288,1270.739073
0,288,1272.205965
0,288,1273.606859
0,288,1275.373839
0,288,1276.773952
0.3375,212,1278.007029
0.33125,214,1279.006024
0,288,1280.777655
0,288,1282.282092
0,288,1283.781822
0,288,1285.230722
0,288,1286.893597
0,288,1288.415588
0,288,1289.888161
0,288,1291.360749
0.278125,231,1292.704886
0.584375,133,1293.459942
0,288,1294.958519
0.490625,163,1295.974571
0.21875,250,1297.281664
0,288,1298.813469
0.296875,225,1300.073106
0,288,1301.553078
0.16875,266,1302.949721
0,288,1304.422362
0,288,1305.887223
0,288,1307.667646
0,288,1309.140679
0.203125,255,1310.459161
0.8375,52,1310.644234
0,288,1312.406407
0.75,80,1312.686599
0,288,1314.124645
0,288,1315.914478
0,288,1317.393974
0,288,1318.83751
0.396875,193,1319.97355
0.675,104,1320.553704
0,288,1322.096294
0,288,1323.577944
0.4625,172,1324.388836
0,288,1326.190968
0,288,1327.719373
0,288,1329.203723
0,288,1330.605992
0,288,1332.305398
0.31875,218,1333.274531
0,288,1334.96719
0,288,1336.514369
0,288,1337.984645
0,288,1339.426237
0,288,1341.079548
0.14375,274,1342.513244
0.759375,77,1342.76148
0,288,1344.396238
0,288,1345.84494
0,288,1347.381312
0.646875,113,1348.028722
0,288,1349.502075
0.628125,119,1350.10911
0,288,1351.551528
0,288,1353.292001
0.2,256,1354.654575
0,288,1356.081779
0,288,1357.515344
0,288,1359.018035
0.3625,204,1360.25514
0,288,1361.757982
0,288,1363.21163
0,288,1364.938461
0,288,1366.434681
0,288,1367.900821
0,288,1369.312296
0,288,1371.045726
0,288,1372.539266
0,288,1374.009657
0,288,1375.533688
0,288,1377.331304
0,288,1378.867544
0,288,1380.38092
0,288,1381.84121
0,288,1383.65051
0,288,1385.154323
0.509375,157,1385.921984
0,288,1387.462641
0,288,1389.248682
0,288,1390.762489
0,288,1392.187711
0,288,1393.637028
0,288,1395.346263
0.453125,175,1396.176337
0,288,1397.662705
0.415625,187,1398.801062
0,288,1400.313919
0.45625,174,1401.163574
0.103125,287,1402.893889
0,288,1404.385189
0.725,88,1404.898836
0,288,1406.414006
0,288,1407.919647
0.53125,150,1408.675657
0,288,1410.220411
0.53125,150,1411.241734
0,288,1412.820518
0,288,1414.321963
0,288,1415.832666
0,288,1417.522576
0,288,1419.025659
0.671875,105,1419.659162
0,288,1421.171771
0,288,1422.699945
0,288,1424.213542
0,288,1425.98924
0,288,1427.450861
0.284375,229,1428.685691
0,288,1430.255277
0,288,1431.793992
0.3,224,1433.113056
0,288,1434.636608
0.790625,67,1435.146869
0.80625,62,1435.346456
0.1125,284,1436.89588
0,288,1438.691093
0.353125,207,1439.64258
0.29375,226,1440.943762
0,288,1442.432191
0,288,1444.231033
0,288,1445.794338
0.115625,283,1447.321788
0,288,1448.793039
0.796875,65,1449.230072
0.871875,41,1449.362952
0,288,1450.809004
0,288,1452.549956
0,288,1454.001721
0.353125,207,1455.135937
0.140625,275,1456.618289
0,288,1458.122418
0,288,1459.62831
0.640625,115,1460.289732
0.33125,214,1461.527776
0,288,1463.062515
0.56875,138,1463.789873
0.321875,217,1464.999913
0.959375,13,1465.044196
0,288,1466.477362
0,288,1467.93389
0,288,1469.681743
0,288,1471.202069
0.821875,57,1471.384336
0,288,1473.093154
0,288,1474.545695
0.428125,183,1475.38072
0,288,1476.857799
0.253125,239,1478.151339
0,288,1479.870505
0,288,1481.299474
0,288,1482.784238
0,288,1484.294423
0,288,1485.993592
0,288,1487.449076
0,288,1488.858809
0,288,1490.330651
0.6,128,1491.062542
0,288,1492.850416
0.203125,255,1494.202329
0,288,1495.702596
0,288,1497.194549
0,288,1498.634941
0,288,1500.317875
0,288,1501.817048
0.35,208,1502.799655
0.21875,250,1504.150955
0,288,1505.895803
0,288,1507.449752
0.3875,196,1508.416134
0.334375,213,1509.692003
0,288,1511.140747
0,288,1512.848778
0,288,1514.372634
0,288,1515.803473
0,288,1517.322432
0.165625,267,1518.748028
0,288,1520.539232
0,288,1522.022351
0.921875,25,1522.100484
0.296875,225,1523.358387
0,288,1524.831012
0,288,1526.28469
0,288,1528.037493
0.503125,159,1528.870832
0.8375,52,1529.042758
0,288,1530.787885
0,288,1532.311258
0,288,1533.818395
0,288,1535.280837
0,288,1536.939216
0.953125,15,1537.012914
0.3375,212,1537.952783
0.265625,235,1539.273283
0,288,1540.808686
0,288,1542.555037
0.20625,254,1543.932243
0,288,1545.426602
0,288,1546.907199
0,288,1548.342439
0.6625,108,1548.970203
0.278125,231,1550.312257
0,288,1551.827182
0,288,1553.633804
0,288,1555.147779
0.259375,237,1556.468227
0.39375,194,1557.363447
0,288,1558.834236
0.75,80,1559.39623
0.6375,116,1560.036229
0,288,1561.520733
0,288,1563.003469
0.7375,84,1563.524254
0.35,208,1564.731186
0.58125,134,1565.419601
0.309375,221,1566.429852
0.3875,196,1567.652408
0,288,1569.098321
0.34375,210,1570.268003
0,288,1571.697306
0.60625,126,1572.376374
0,288,1573.860001
0,288,1575.638961
0,288,1577.111747
0,288,1578.64623
0.321875,217,1579.887539
0.2375,244,1581.251227
0.265625,235,1582.597171
0,288,1584.064551
0,288,1585.569977
0,288,1587.036538
0.746875,81,1587.589293
0,288,1589.146084
0,288,1590.673071
0,288,1592.401158
0.409375,189,1593.268096
0,288,1594.694558
0,288,1596.439956
0,288,1597.929293
0.628125,119,1598.595723
0,288,1600.050281
0,288,1601.517989
0.440625,179,1602.614984
0,288,1604.061374
0,288,1605.524605
0.109375,285,1607.186066
0.1125,284,1608.654675
0,288,1610.162143
0,288,1611.673125
0.41875,186,1612.804429
0.640625,115,1613.416797
0.7375,84,1613.693296
0,288,1615.161531
0.490625,163,1616.25357
0.825,56,1616.438847
0,288,1617.946214
0,288,1619.677615
0,288,1621.187716
0,288,1622.710479
0.621875,121,1623.365304
0,288,1624.808185
0,288,1626.529109
0,288,1628.065344
0,288,1629.539084
0.11875,282,1630.900212
0,288,1632.626778
0,288,1634.06714
0,288,1635.500637
0,288,1636.925142
0,288,1638.710151
0,288,1640.2143
0,288,1641.718007
0,288,1643.164842
0,288,1644.888707
0.609375,125,1645.55686
0.215625,251,1646.919843
0,288,1648.400361
0.371875,201,1649.356755
0,288,1651.052406
0.6125,124,1651.727083
0.5625,140,1652.519113
0,288,1654.005725
0.646875,113,1654.620493
0,288,1656.164355
0.246875,241,1657.535767
0,288,1659.017228
0,288,1660.455255
0,288,1662.174768
0,288,1663.65261
0.684375,101,1664.247796
0,288,1665.694357
0,288,1667.189564
0,288,1668.697221
0,288,1670.419854
0,288,1671.892336
0,288,1673.333182
0,288,1674.815093
0,288,1676.533771
0,288,1678.006232
0,288,1679.489453
0,288,1680.989678
0.303125,223,1682.245382
0,288,1683.696865
0,288,1685.383554
0.265625,235,1686.695036
0.11875,282,1688.181344
0.64375,114,1688.83001
0,288,1690.313675
0,288,1691.749802
0,288,1693.262805
0,288,1695.032331
0,288,1696.500623
0,288,1697.981018
0,288,1699.451273
0,288,1701.195208
0,288,1702.678264
0,288,1704.225456
0,288,1705.692116
0.871875,41,1706.117668
0,288,1707.656127
0,288,1709.12146
0,288,1710.584515
0,288,1712.316402
0,288,1713.780756
0.39375,194,1714.662842
0.75625,78,1715.169506
0,288,1716.645953
0,288,1718.378559
0,288,1719.910223
0,288,1721.334674
0.690625,99,1721.908715
0,288,1723.35014
0,288,1724.857224
0,288,1726.621233
0.609375,125,1727.292374
0.975,8,1727.3274
0,288,1728.75969
0.43125,182,1729.647851
0,288,1731.436893
0.15,272,1732.85125
0,288,1734.365244
0,288,1735.864303
0,288,1737.342514
0,288,1739.046506
0,288,1740.58671
0.159375,269,1742.045007
0,288,1743.549193
0.5875,132,1744.255857
0,288,1745.942992
0,288,1747.441955
0,288,1748.945416
0,288,1750.42074
0,288,1752.125134
0.703125,95,1752.461523
0,288,1754.220836
0,288,1755.7277
0,288,1757.210147
0,288,1758.66709
0,288,1760.432385
0.34375,210,1761.458235
0,288,1762.919051
0,288,1764.671383
0.73125,86,1764.948234
0,288,1766.706711
0.334375,213,1767.708162
0.59375,130,1768.395668
0,288,1770.136313
0.85,48,1770.299253
0,288,1771.765919
0.415625,187,1772.839706
0.43125,182,1773.682444
0.24375,242,1774.991693
0,288,1776.537256
0,288,1777.980954
0,288,1779.634027
0.575,136,1780.341113
0,288,1781.793436
0,288,1783.306627
0.84375,50,1783.739906
0.803125,63,1783.970865
0,288,1785.478583
0,288,1787.214028
0,288,1788.736696
0.690625,99,1789.288364
0,288,1790.712715
0.653125,111,1791.359379
0.390625,195,1792.258754
0.5375,148,1793.014415
0,288,1794.770761
0.590625,131,1795.484843
0,288,1796.943857
0.628125,119,1797.617537
0.575,136,1798.294314
0.53125,150,1799.02475
0,288,1800.447852
0,288,1802.108479
0.6625,108,1802.731642
0,288,1804.220227
0,288,1805.701014
0,288,1807.181777
0.771875,73,1807.688773
0,288,1809.213072
0.3625,204,1810.456256
0,288,1811.968598
0.271875,233,1813.281725
0,288,1814.745928
0.346875,209,1815.933719
0.50625,158,1816.741962
0,288,1818.232683
0,288,1819.684612
0,288,1821.412382
0,288,1822.921596
0,288,1824.358206
0,288,1825.764039
0,288,1827.455254
0.65625,110,1827.850695
0.721875,89,1828.380498
0.86875,42,1828.517538
0.175,264,1830.131382
0,288,1831.609337
0,288,1833.112475
0,288,1834.608988
0,288,1836.268398
0,288,1837.688394
0,288,1839.138374
0,288,1840.624697
0,288,1842.336143
0,288,1843.855792
0.43125,182,1844.709863
0,288,1846.182001
0,288,1847.876765
0.503125,159,1848.652464
0,288,1850.145188
0.58125,134,1850.823635
0,288,1852.570273
0,288,1854.054557
0,288,1855.575303
0.640625,115,1856.210369
0,288,1857.673446
0,288,1859.135253
0,288,1860.851631
0,288,1862.352093
0,288,1863.773757
0,288,1865.250755
0,288,1866.95341
0,288,1868.430224
0,288,1869.887429
0.4375,180,1871.053857
0.428125,183,1871.937304
0.2875,228,1873.188121
0,288,1874.644744
0,288,1876.063121
0,288,1877.771348
0.634375,117,1878.206462
0,288,1879.931392
0,288,1881.427048
0.23125,246,1882.731877
0.55625,142,1883.517028
0,288,1885.007335
0.7875,68,1885.496018
0,288,1886.983552
0,288,1888.417726
0.3,224,1889.712339
0.584375,133,1890.378076
0,288,1891.874059
0,288,1893.62164
0.9375,20,1893.688933
0,288,1895.13419
0,288,1896.579908
0,288,1898.056442
0,288,1899.81853
0,288,1901.263476
0,288,1902.686527
0.865625,43,1903.050028
0,288,1904.579657
0,288,1906.088211
0,288,1907.51753
0,288,1909.257004
0,288,1910.718544
0,288,1912.181047
0,288,1913.675724
0,288,1915.416687
0,288,1916.89223
0,288,1918.308469
0,288,1919.793167
0,288,1921.413597
0,288,1922.91591
0.265625,235,1924.238425
0,288,1925.763928
0,288,1927.183324
0,288,1928.652096
0,288,1930.360226
0.175,264,1931.727661
0,288,1933.231588
0,288,1934.695283
0,288,1936.158745
0,288,1937.866438
0,288,1939.35893
0,288,1940.84824
0,288,1942.335039
0,288,1944.138635
0.565625,139,1944.895346
0,288,1946.323064
0,288,1947.772182
0,288,1949.490097
0,288,1950.945843
0.53125,150,1951.697116
0.49375,162,1952.490609
0,288,1953.973064
0.853125,47,1954.415538
0,288,1955.834717
0,288,1957.353896
0.565625,139,1958.099239
0.621875,121,1958.766948
0,288,1960.462388
0.425,184,1961.324106
0,288,1962.804713
0,288,1964.609221
0.18125,262,1966.012235
0,288,1967.493678
0.8,64,1967.700694
0,288,1969.373576
0.540625,147,1970.134577
0.8625,44,1970.26821
0,288,1971.721734
0,288,1973.462325
0.115625,283,1974.960718
0.578125,135,1975.691158
0,288,1977.176313
0.35,208,1978.379036
0,288,1979.835106
0,288,1981.314518
0,288,1982.8318
0,288,1984.55919
0,288,1986.078451
0.8125,60,1986.269359
0,288,1987.979773
0,288,1989.443572
0.5,160,1990.229501
0.428125,183,1991.361772
0.146875,273,1992.854972
0.7,96,1993.461879
0,288,1994.987661
0,288,1996.464149
0,288,1997.879071
0,288,1999.627339
0.78125,70,1999.878213
0,288,2001.377703
0.6875,100,2001.951085
0.54375,146,2002.692654
0,288,2004.211268
0,288,2005.988091
0,288,2007.431018
0,288,2008.93848
0,288,2010.41943
0.325,216,2011.717487
0,288,2013.194108
0.628125,119,2013.891841
0.34375,210,2015.15466
0,288,2016.618313
0,288,2018.017326
0.596875,129,2018.695494
0,288,2020.363595
0.5125,156,2021.104819
0,288,2022.537414
0,288,2023.981333
0.13125,278,2025.669413
0.678125,103,2026.011762
0.125,280,2027.718668
0,288,2029.165857
0.83125,54,2029.352047
0,288,2031.108965
0.746875,81,2031.381095
0,288,2032.81063
0,288,2034.477902
0,288,2035.952207
0.259375,237,2037.326028
0,288,2038.804191
0,288,2040.207608
0,288,2041.885977
0,288,2043.357748
0.4,192,2044.250629
0.6,128,2044.908039
0.19375,258,2046.228167
0,288,2047.947211
0,288,2049.483713
0,288,2050.968975
0,288,2052.43066
0.365625,203,2053.643789
0,288,2055.033425
0,288,2056.547753
0,288,2058.363995
0,288,2059.907347
0,288,2061.355886
0.5625,140,2062.108734
0,288,2063.521528
0.28125,230,2064.81435
0.159375,269,2066.260237
0.496875,161,2067.350177
0,288,2068.848276
0.30625,222,2070.132504
0,288,2071.626819
0,288,2073.108274
0.315625,219,2074.361356
0,288,2075.857474
0,288,2077.36625
0,288,2079.132249
0,288,2080.618152
0.390625,195,2081.501983
0,288,2083.210055
0,288,2084.665785
0,288,2086.152782
0,288,2087.60953
0,288,2089.315137
0,288,2090.728904
0,288,2092.228892
0,288,2093.655025
0.35,208,2094.81002
0.909375,29,2094.90229
0,288,2096.389975
0,288,2098.123167
0,288,2099.595845
0,288,2101.03992
0.23125,246,2102.393805
0.8375,52,2102.847649
0.19375,258,2104.269936
0,288,2105.793934
0.246875,241,2107.107932
0,288,2108.610927
0,288,2110.068521
0,288,2111.585908
0,288,2113.316931
0,288,2114.865185
0.61875,122,2115.549297
0,288,2117.032684
0,288,2118.514957
0,288,2120.271928
0.1125,284,2121.82582
0.29375,226,2123.105888
0,288,2124.588383
0.603125,127,2125.226898
0,288,2126.67883
0,288,2128.134652
0.396875,193,2129.244951
0.4375,180,2130.118645
0.846875,49,2130.590808
0.66875,106,2130.937754
0,288,2132.638801
0.678125,103,2133.190027
0.153125,271,2134.648055
0,288,2136.122246
0.1875,260,2137.468833
0,288,2138.907829
0,288,2140.435195
0,288,2142.160054
0,288,2143.643831
0,288,2145.035984
0,288,2146.508862
0,288,2148.284405
0,288,2149.795349
0,288,2151.273404
0.353125,207,2152.498884
0,288,2153.946105
0.59375,130,2154.65328
0,288,2156.090642
0.340625,211,2157.261561
0,288,2158.755767
0,288,2160.156047
0,288,2161.887465
0,288,2163.364521
0.821875,57,2163.5597
0.115625,283,2165.256001
0,288,2166.743922
0.671875,105,2167.349533
0,288,2168.884368
0,288,2170.407198
0,288,2171.905197
0.615625,123,2172.587758
0,288,2174.347171
0,288,2175.851608
0.403125,191,2176.771259
0,288,2178.555855
0,288,2180.002659
0,288,2181.480631
0.875,40,2181.603976
0,288,2183.312318
0.44375,178,2184.135832
0,288,2185.566035
0,288,2187.244596
0,288,2188.704647
0.540625,147,2189.422334
0.44375,178,2190.31609
0.125,280,2191.951744
0,288,2193.457983
0,288,2194.988559
0,288,2196.507082
0,288,2198.221445
0,288,2199.735055
0.415625,187,2200.603521
0.34375,210,2201.77915
0,288,2203.219514
0.221875,249,2204.547537
0,288,2206.021545
0,288,2207.684422
0.11875,282,2209.14194
0,288,2210.617074
0,288,2212.126424
0.184375,261,2213.454154
0.590625,131,2214.184011
0.653125,111,2214.799778
0.596875,129,2215.476696
0,288,2217.139407
0,288,2218.586568
0,288,2219.984004
0,288,2221.416111
0,288,2223.100463
0.490625,163,2223.889182
0,288,2225.384655
0,288,2226.910451
0,288,2228.604779
0,288,2230.08981
0,288,2231.555799
0,288,2233.024133
0.471875,169,2234.026784
0,288,2235.555299
0,288,2237.054562
0,288,2238.501827
0.26875,234,2239.800319
0,288,2241.309067
0,288,2243.059349
0.625,120,2243.728875
0,288,2245.27026
0,288,2246.729384
0.1625,268,2248.145781
0.6125,124,2248.819196
0.109375,285,2250.274841
0,288,2251.974331
0,288,2253.435202
0,288,2254.870471
0,288,2256.365557
0.240625,243,2257.669525
0.85625,46,2258.076947
0,288,2259.58011
0,288,2261.057884
0,288,2262.543243
0,288,2264.309962
0,288,2265.780708
0,288,2267.227504
0.48125,166,2268.023034
0.2,256,2269.402991
0,288,2271.172215
0,288,2272.651236
0.15,272,2274.081343
0,288,2275.557977
0,288,2277.231449
0,288,2278.774249
0,288,2280.276855
0,288,2281.778036
0,288,2283.526134
0.5375,148,2284.250974
0.825,56,2284.434179
0,288,2285.909426
0,288,2287.652434
0,288,2289.151199
0,288,2290.624115
0.45625,174,2291.667259
0.309375,221,2292.697437
0,288,2294.41713
0,288,2295.924775
0,288,2297.387872
0.828125,55,2297.558097
0.70625,94,2298.140976
0,288,2299.590176
0.621875,121,2300.239016
0.278125,231,2301.592807
0,288,2303.116686
0,288,2304.835577
0,288,2306.268183
0.76875,74,2306.715914
0,288,2308.218531
0,288,2309.76169
0,288,2311.253902
0.35625,206,2312.455808
0,288,2313.956237
0,288,2315.410455
0.240625,243,2316.774736
0.590625,131,2317.51479
0,288,2319.220511
0.575,136,2319.912827
0.621875,121,2320.553147
0,288,2322.043155
0,288,2323.511852
0,288,2324.948501
0,288,2326.633771
0,288,2328.0858
0,288,2329.599846
0,288,2331.056464
0,288,2332.742279
0,288,2334.294045
0.690625,99,2334.846359
0,288,2336.391693
0,288,2337.858322
0,288,2339.35971
0,288,2341.11874
0,288,2342.690099
0.409375,189,2343.572144
0,288,2345.355689
0,288,2346.901571
0.234375,245,2348.290512
0,288,2349.768011
0,288,2351.249771
0,288,2352.722364
0,288,2354.51255
0,288,2356.037169
0,288,2357.539213
0,288,2359.048211
0,288,2360.76028
0.23125,246,2362.149769
0.240625,243,2363.482409
0,288,2365.067793
0,288,2366.599819
0,288,2368.112568
0,288,2369.825247
0,288,2371.359654
0,288,2372.854455
0.125,280,2374.295219
0,288,2375.840808
0.46875,170,2376.954377
0,288,2378.40601
0,288,2379.883356
0,288,2381.564187
0.634375,117,2382.005244
0,288,2383.749455
0.8875,36,2383.878746
0,288,2385.388364
0,288,2386.866349
0.296875,225,2388.182365
0,288,2389.937201
0,288,2391.391542
0,288,2392.879583
0.39375,194,2393.962166
0.878125,39,2394.139277
0.53125,150,2394.907892
0,288,2396.383771
0,288,2397.879392
0.6125,124,2398.549661
0,288,2400.255923
0,288,2401.714032
0,288,2403.211018
0,288,2404.6592
0,288,2406.400209
0,288,2407.904927
0.790625,67,2408.132987
0.73125,86,2408.695782
0,288,2410.163307
0,288,2411.861779
0.79375,66,2412.085959
0,288,2413.611713
0,288,2415.309274
0.590625,131,2416.027583
0,288,2417.509855
0,288,2419.037321
0,288,2420.533461
0.15,272,2422.260734
0.246875,241,2423.38193
0,288,2425.153208
0.18125,262,2426.581136
0,288,2428.130848
0,288,2429.609847
0.39375,194,2430.772202
0.203125,255,2432.176877
0.465625,171,2433.023093
0.590625,131,2433.698143
0,288,2435.198294
0.25625,238,2436.490734
0.8375,52,2436.907598
0,288,2438.439205
0,288,2439.938047
0.675,104,2440.554075
0,288,2442.028215
0,288,2443.506923
0,288,2445.248645
0,288,2446.774388
0,288,2448.25905
0,288,2449.739399
0,288,2451.513201
0,288,2452.971373
0,288,2454.405312
0,288,2455.88378
0,288,2457.671334
0,288,2459.186308
0,288,2460.676806
0.803125,63,2461.134593
0.565625,139,2461.894743
0,288,2463.419705
0,288,2464.913925
0.91875,26,2464.994476
0.903125,31,2465.356099
0.321875,217,2466.334381
0.590625,131,2467.038863
0,288,2468.865282
0.25625,238,2470.175956
0,288,2471.669496
0,288,2473.092004
0,288,2474.682404
0,288,2476.449281
0.584375,133,2477.154198
0,288,2478.608526
0.715625,91,2479.126914
0,288,2480.582705
0,288,2482.073211
0,288,2483.586141
0,288,2485.28986
0,288,2486.739552
0.609375,125,2487.407666
0.290625,227,2488.712855
0.846875,49,2488.894879
0.346875,209,2490.082965
0,288,2491.573356
0,288,2493.028228
0,288,2494.541816
0,288,2496.345724
0,288,2497.870302
0,288,2499.322295
0,288,2500.817121
0,288,2502.544749
0,288,2504.097773
0.815625,59,2504.291575
0,288,2506.015126
0,288,2507.513403
0,288,2508.976566
0,288,2510.408192
0.315625,219,2511.652341
0,288,2513.093839
0,288,2514.594071
0,288,2516.296201
0,288,2517.814754
0.2875,228,2519.118439
0,288,2520.576891
0,288,2522.091959
0,288,2523.818241
0.50625,158,2524.631593
0.403125,191,2525.539177
0.5,160,2526.37369
0,288,2528.186402
0,288,2529.706746
0,288,2531.209753
0.546875,145,2531.961596
0.215625,251,2533.375565
0,288,2535.217293
0,288,2536.723748
0,288,2538.23909
0.428125,183,2539.363869
0,288,2540.885778
0.415625,187,2541.777017
0,288,2543.157229
0.809375,61,2543.657553
0.209375,253,2545.039085
0.509375,157,2545.822522
0,288,2547.374971
0,288,2549.120077
0,288,2550.617784
0,288,2552.01255
0.95625,14,2552.058308
0.56875,138,2552.785175
0.871875,41,2553.197738
0,288,2554.723889
0.290625,227,2555.99191
0.21875,250,2557.370116
0,288,2558.844095
0.5,160,2559.628092
0,288,2561.043268
0,288,2562.784065
0,288,2564.267282
0,288,2565.741347
0,288,2567.186891
0.540625,147,2568.190759
0,288,2569.715996
0,288,2571.15413
0,288,2572.634681
0.41875,186,2573.792528
0.915625,27,2573.885827
0,288,2575.354167
0,288,2576.842994
0,288,2578.574741
0.353125,207,2579.492346
0.25,240,2580.834291
0,288,2582.369982
0.746875,81,2582.861344
0.628125,119,2583.535057
0.459375,173,2584.361888
0,288,2586.121484
0,288,2587.636815
0,288,2589.116549
0.31875,218,2590.365121
0,288,2591.880004
0,288,2593.359701
0.609375,125,2594.07792
0,288,2595.81664
0,288,2597.328615
0,288,2598.891839
0,288,2600.344734
0,288,2602.123872
0,288,2603.62181
0.334375,213,2604.60123
0,288,2606.358463
0,288,2607.819725
0.325,216,2609.079811
0,288,2610.523363
0,288,2612.058118
0,288,2613.617679
0,288,2615.408587
0,288,2616.863413
0,288,2618.339488
0,288,2619.819286
0,288,2621.54847
0.14375,274,2622.960918
0.315625,219,2623.92014
0,288,2625.697941
0.153125,271,2627.157777
0,288,2628.619514
0.171875,265,2630.078663
0,288,2631.589276
0,288,2633.373031
0,288,2634.891317
0,288,2636.381776
0.4625,172,2637.493265
0,288,2638.97784
0.55625,142,2639.720627
0,288,2641.2255
0,288,2642.665721
0,288,2644.463622
0,288,2645.996945
0,288,2647.517833
0,288,2648.997242
0,288,2650.771602
0,288,2652.307178
0,288,2653.793182
0,288,2655.23135
0,288,2656.995268
0,288,2658.5552
0.6,128,2659.242133
0.29375,226,2660.503958
0,288,2661.94638
0.221875,249,2663.323423
0,288,2664.808537
0,288,2666.257536
0,288,2667.962934
0,288,2669.46534
0,288,2670.876287
0.23125,246,2672.228348
0.390625,195,2673.395318
0,288,2674.900977
0.525,152,2675.691255
0,288,2677.152865
0,288,2678.657838
0,288,2680.418437
0.278125,231,2681.727594
0,288,2683.210715
0,288,2684.710324
0,288,2686.16555
0,288,2687.880742
0,288,2689.452456
0,288,2690.982851
0.703125,95,2691.595569
0,288,2693.149745
0,288,2694.695623
0,288,2696.424338
0,288,2698.00241
0,288,2699.501812
0,288,2701.008314
0.23125,246,2702.379757
0.39375,194,2703.556958
0,288,2705.010923
0.70625,94,2705.5563
0,288,2707.009964
0.4875,164,2707.800893
0,288,2709.178595
0.26875,234,2710.440599
0.11875,282,2712.186293
0.45625,174,2713.099443
0,288,2714.563308
0,288,2715.975219
0.796875,65,2716.482405
0.125,280,2717.98959
0,288,2719.509437
0.2375,244,2720.86505
0,288,2722.392773
0,288,2724.150507
0,288,2725.596394
0,288,2727.100006
0.4,192,2728.25927
0,288,2729.790984
0,288,2731.325935
0,288,2732.820694
0,288,2734.545321
0.115625,283,2736.041349
0,288,2737.563559
0,288,2739.060802
0,288,2740.820451
0.346875,209,2741.803088
0.325,216,2743.023345
0,288,2744.473385
0,288,2746.232434
0.575,136,2746.968149
0,288,2748.438815
0.759375,77,2748.681119
0,288,2750.390582
0.796875,65,2750.612107
0.159375,269,2752.076295
0,288,2753.748699
0.19375,258,2755.132423
0.78125,70,2755.381093
0,288,2756.86687
0.340625,211,2758.054329
0.609375,125,2758.73608
0,288,2760.259999
0,288,2761.695186
0,288,2763.477457
0,288,2764.947069
0,288,2766.442048
0.75625,78,2766.986439
0.3,224,2768.204205
0,288,2769.739098
0.325,216,2770.981094
0,288,2772.487415
0,288,2773.957402
0,288,2775.418159
0.165625,267,2776.839673
0,288,2778.538116
0,288,2780.042087
0,288,2781.588032
0,288,2783.108766
0,288,2784.882824
0,288,2786.405681
0,288,2787.862161
0,288,2789.387371
0,288,2791.141818
0,288,2792.617094
0.73125,86,2793.143912
0.359375,205,2794.101215
0,288,2795.603876
0.359375,205,2796.854721
0,288,2798.348661
0.73125,86,2798.91697
0,288,2800.372228
0,288,2801.823504
0.809375,61,2802.259048
0,288,2803.653372
0,288,2805.092134
0,288,2806.838038
0,288,2808.275633
0.6875,100,2808.854201
0,288,2810.369286
0.5875,132,2811.094975
0,288,2812.595422
0.8125,60,2813.029697
0,288,2814.575424
0.690625,99,2815.196464
0,288,2816.699938
0,288,2818.214505
0,288,2819.660887
0,288,2821.362666
0.525,152,2822.166842
0.278125,231,2823.423588
0,288,2824.992452
0,288,2826.465182
0,288,2827.972783
0,288,2829.743112
0,288,2831.212519
0,288,2832.68201
0,288,2834.196464
0.528125,151,2835.261565
0,288,2836.749474
0,288,2838.218847
0,288,2839.672086
0,288,2841.502598
0,288,2843.009257
0,288,2844.497317
0,288,2845.940908
0,288,2847.651754
0,288,2849.144944
0,288,2850.664637
0.965625,11,2850.700223
0.34375,210,2851.895691
0.56875,138,2852.599116
0.434375,181,2853.464679
0,288,2855.162009
0.3,224,2856.212828
0,288,2857.949703
0,288,2859.404702
0.68125,102,2859.997509
0,288,2861.458119
0,288,2862.971961
0,288,2864.483582
0,288,2866.197645
0,288,2867.672346
0,288,2869.189235
0.15625,270,2870.609345
0,288,2872.123975
0.384375,197,2873.28526
0,288,2874.71075
0.6625,108,2875.33676
0.175,264,2876.864153
0,288,2878.389442
0.715625,91,2878.960501
0,288,2880.435237
0.68125,102,2881.051063
0,288,2882.506154
0.10625,286,2884.21008
0,288,2885.699474
0,288,2887.132577
0,288,2888.652832
0,288,2890.438549
0,288,2891.857816
0,288,2893.35913
0,288,2894.847442
0,288,2896.598289
0,288,2898.088993
0,288,2899.555199
0,288,2900.988391
0,288,2902.749831
0,288,2904.256859
0,288,2905.706573
0,288,2907.239971
0,288,2909.021911
0,288,2910.567291
0.303125,223,2911.872917
0,288,2913.432267
0,288,2914.899402
0,288,2916.327913
0,288,2918.02233
0,288,2919.535969
0,288,2921.025091
0,288,2922.440468
0.559375,141,2923.449355
0,288,2924.885581
0.290625,227,2926.123773
0,288,2927.595663
0.25625,238,2928.837152
0.565625,139,2929.605064
0,288,2931.090896
0,288,2932.591285
0.428125,183,2933.742201
0,288,2935.233182
0,288,2936.733489
0,288,2938.169096
0,288,2939.858956
0,288,2941.321307
0,288,2942.809612
0,288,2944.239918
0,288,2945.985002
0,288,2947.595939
0,288,2949.078774
0,288,2950.54266
0,288,2952.324953
0,288,2953.796995
0,288,2955.2716
0,288,2956.759057
0,288,2958.612836
0,288,2960.116203
0,288,2961.595943
0.428125,183,2962.715504
0.140625,275,2964.201088
0,288,2965.688523
0,288,2967.105274
0,288,2968.51024
0.853125,47,2968.903057
0,288,2970.379556
0,288,2971.880072
0.515625,155,2972.961587
0,288,2974.452646
0.371875,201,2975.395865
0.8625,44,2975.813331
0,288,2977.297627
0.58125,134,2978.014574
0.403125,191,2979.148085
0,288,2980.651818
0.534375,149,2981.407068
0.303125,223,2982.644295
0,288,2984.124278
0.465625,171,2984.942897
0.771875,73,2985.443723
0,288,2986.902086
0.5625,140,2987.637511
0.19375,258,2989.025825
0,288,2990.502219
0,288,2992.201272
0.184375,261,2993.619528
0,288,2995.117333
0.2,256,2996.53192
0,288,2998.018464
0.175,264,2999.417324
0,288,3001.164626
0.821875,57,3001.368078
0.284375,229,3002.67057
0.3375,212,3003.639263
0.86875,42,3004.059629
0,288,3005.544137
0.45,176,3006.370227
0.509375,157,3007.439481
0.7875,68,3007.688541
0,288,3009.207222
0,288,3011.019193
0,288,3012.537896
0,288,3014.092624
0,288,3015.573837
0,288,3017.243042
0,288,3018.825004
0.19375,258,3020.229058
0,288,3021.708255
0.55625,142,3022.422009
0.603125,127,3023.142394
0.446875,177,3024.272579
0.79375,66,3024.495292
0,288,3025.972848
0,288,3027.685929
0,288,3029.207783
0,288,3030.774628
0,288,3032.27552
0.2875,228,3033.61664
0.20625,254,3035.005436
0,288,3036.466684
0.115625,283,3038.155375
0,288,3039.61276
0,288,3041.124538
0.484375,165,3041.946917
0,288,3043.663855
0.38125,198,3044.56463
0,288,3046.029151
0,288,3047.821328
0.515625,155,3048.621404
0,288,3050.068026
0.75625,78,3050.58444
0,288,3052.03669
0.13125,278,3053.499957
0,288,3055.01056
0,288,3056.755316
0,288,3058.279561
0,288,3059.769486
0,288,3061.263757
0.53125,150,3062.270689
0,288,3063.768055
0,288,3065.191389
0,288,3066.706757
0,288,3068.43292
0,288,3069.914344
0,288,3071.402766
0,288,3072.877112
0,288,3074.576825
0,288,3076.076125
0,288,3077.537626
0.115625,283,3078.963836
0,288,3080.715653
0,288,3082.199009
0,288,3083.713112
0.653125,111,3084.349716
0,288,3085.786579
0.51875,154,3086.557452
0,288,3088.317503
0,288,3089.793778
0,288,3091.260279
0.3875,196,3092.397141
0,288,3093.911059
0,288,3095.439304
0.675,104,3096.110001
0,288,3097.572648
0.315625,219,3098.788468
0,288,3100.315645
0.284375,229,3101.587112
0,288,3103.118123
0,288,3104.891764
0.534375,149,3105.680109
0,288,3107.198714
0,288,3108.679713
0,288,3110.175004
0,288,3111.964598
0,288,3113.459143
0.19375,258,3114.812127
0.3,224,3116.091192
0,288,3117.578746
0,288,3119.058715
0,288,3120.511698
0,288,3122.211575
0,288,3123.692504
0.51875,154,3124.478869
0,288,3125.989703
0,288,3127.689631
0.675,104,3128.041849
0.115625,283,3129.747081
0,288,3131.234913
0.23125,246,3132.514125
0.896875,33,3132.614735
0,288,3134.140447
0,288,3135.829578
0.48125,166,3136.705117
0,288,3138.16569
0.659375,109,3138.772947
0,288,3140.234027
0,288,3141.704195
0,288,3143.426723
0,288,3144.955775
0.3,224,3146.223035
0.61875,122,3146.861585
0,288,3148.418726
0.25,240,3149.753067
0,288,3151.271707
0,288,3152.841063
0,288,3154.623825
0,288,3156.10435
0,288,3157.601715
0,288,3159.053195
0,288,3160.804819
0.196875,257,3162.231436
0.7375,84,3162.534732
0,288,3164.033561
0,288,3165.793965
0,288,3167.287934
0.55,144,3168.001527
0,288,3169.510563
0.440625,179,3170.692404
0.178125,263,3172.089237
0,288,3173.602164
0,288,3175.12138
0.546875,145,3175.868954
0,288,3177.556986
0,288,3179.077804
0,288,3180.608731
0.4375,180,3181.758528
0,288,3183.242321
0.675,104,3183.889886
0.771875,73,3184.148419
0,288,3185.661532
0.33125,214,3186.887973
0,288,3188.425905
0.409375,189,3189.588175
0.571875,137,3190.278163
0,288,3191.779492
0,288,3193.322794
0.303125,223,3194.598382
0,288,3196.10285
0.7,96,3196.714683
0,288,3198.195997
0,288,3199.909282
0,288,3201.409576
0.590625,131,3202.122679
0,288,3203.627033
0,288,3205.151287
0.215625,251,3206.501643
0.55,144,3207.485291
0,288,3208.917473
0,288,3210.414381
0.771875,73,3210.907838
0,288,3212.383224
0.359375,205,3213.331896
0.403125,191,3214.455595
0,288,3215.947209
0,288,3217.521568
0,288,3219.214453
0,288,3220.699508
0,288,3222.196166
0,288,3223.675338
0,288,3225.456411
0,288,3226.987616
0.6625,108,3227.622556
0,288,3229.135691
0,288,3230.571306
0.446875,177,3231.652843
0.7375,84,3231.920893
0,288,3233.671894
0.30625,222,3234.698186
0,288,3236.38488
0,288,3237.875516
0,288,3239.378793
0,288,3240.928195
0.659375,109,3241.571958
0,288,3243.111629
0.109375,285,3244.879382
0.16875,266,3246.216997
0.659375,109,3246.812455
0,288,3248.359268
0.7375,84,3248.638699
0,288,3250.395924
0.278125,231,3251.665917
0,288,3253.17725
0,288,3254.764154
0,288,3256.266216
0.50625,158,3257.26407
0,288,3258.832411
0,288,3260.318379
0.16875,266,3261.712942
0,288,3263.145961
0,288,3264.811959
0.534375,149,3265.596919
0,288,3267.14023
0,288,3268.626662
0.2875,228,3269.91805
0,288,3271.367851
0,288,3273.163682
0,288,3274.723377
0,288,3276.187554
0,288,3277.648784
0,288,3279.370908
0,288,3280.847172
0,288,3282.322359
0,288,3283.78362
0,288,3285.474126
0.81875,58,3285.690726
0.8375,52,3285.858991
0.521875,153,3286.8842
0,288,3288.393284
0.521875,153,3289.18305
0,288,3290.689782
0.390625,195,3291.883868
0,288,3293.374423
0,288,3294.872601
0,288,3296.708404
0,288,3298.195412
0.2,256,3299.561395
0.521875,153,3300.305669
0,288,3301.70892
0,288,3303.42099
0,288,3304.944816
0,288,3306.455888
0,288,3307.947364
0,288,3309.601274
0,288,3311.152394
0,288,3312.714821
0,288,3314.192205
0,288,3315.98934
0,288,3317.519488
0.559375,141,3318.266988
0,288,3319.733052
0,288,3321.154276
0,288,3322.883137
0,288,3324.353156
0,288,3325.87618
0,288,3327.327204
0,288,3329.04845
0.375,200,3329.939956
0,288,3331.43258
0,288,3333.180914
0,288,3334.687084
0,288,3336.176268
0,288,3337.745626
0,288,3339.488661
0,288,3340.970459
0,288,3342.395868
0,288,3343.859092
0,288,3345.541885
0,288,3346.952891
0,288,3348.43823
0,288,3349.869948
0.1,288,3351.534771
0,288,3352.997201
0,288,3354.468063
0.446875,177,3355.535998
0,288,3357.119057
0,288,3358.68125
