# {"t_start": 1587156092.6396782, "env_id": "MiniGrid-Empty-16x16-v0"} 
r,l,t
0,1024,7.361057
0,1024,12.733127
0,1024,17.950606
0,1024,23.246446
0,1024,28.635956
0,1024,33.92479
0,1024,39.184629
0,1024,44.458107
0.89541,119,45.081859
0,1024,50.393128
0.802246,225,51.564062
0.555273,506,54.302266
0.855859,164,55.087714
0.964844,40,55.454918
0.861133,158,56.194974
0.963086,42,56.321331
0.209863,899,60.866944
0.450684,625,64.019056
0.844434,177,64.990576
0.346094,744,68.608624
0.91123,101,69.188439
0.857617,162,69.943422
0.851465,169,70.977344
0.495508,574,73.69352
0.883984,132,74.352739
0.857617,162,75.326473
0.427832,651,78.688326
0.731055,306,80.199344
0.711719,328,81.951349
0.953418,53,82.135709
0.955176,51,82.287861
0,1024,87.417405
0.949902,57,87.848042
0.733691,303,89.260619
0.885742,130,89.92591
0.70293,338,91.733554
0.961328,44,91.86425
0.966602,38,92.203423
0.104395,1019,97.235451
0.91123,101,97.78352
0.950781,56,98.216482
0.663379,383,100.120929
0.875195,142,100.821997
0.833008,190,101.720709
0.969238,35,102.11092
0.62998,421,104.180409
0.941113,67,104.380701
0.961328,44,104.783015
0.702051,339,106.392448
0.713477,326,108.188639
0.920898,90,108.706179
0.804004,223,109.642012
0.465625,608,112.781422
0.714355,325,114.53385
0.936719,72,114.773758
0.861133,158,115.497192
0.613281,440,117.965607
0.953418,53,118.144651
0.80752,219,119.327454
0.660742,386,121.346858
0.700293,341,123.187432
0.851465,169,123.93757
0.944629,63,124.124742
0.698535,343,126.001506
0.844434,177,127.006655
0.927051,83,127.29012
0.760938,272,128.636278
0.920898,90,129.162665
0.760059,273,130.579166
0.919141,92,131.133118
0.829492,194,132.012333
0.975391,28,132.368206
0.92002,91,132.654973
0.966602,38,133.12921
0.962207,43,133.27298
0.87168,146,133.988455
0.970117,34,134.086536
0.920898,90,134.640131
0.884863,131,135.29667
0.291602,806,139.209373
0.865527,153,140.204262
0.883984,132,140.858815
0.769727,262,142.158612
0.571094,488,144.548649
0.919141,92,145.079765
0.393555,690,148.700779
0.939355,69,148.938734
0.506055,562,151.845774
0.949023,58,152.070282
0.94375,64,152.264421
0.939355,69,152.723397
0.745996,289,154.147122
0.876074,141,154.81797
0.878711,138,155.477808
0.954297,52,155.86613
0.877832,139,156.549424
0.933203,76,157.013139
0.886621,129,157.670043
0.92793,82,157.94346
0.543848,519,160.608401
0.95957,46,160.9839
0.95957,46,161.143887
0.968359,36,161.250047
0.857617,162,162.323079
0.845313,176,163.12503
0.890137,125,163.756174
0.817187,208,164.647449
0.762695,270,166.289548
0.794336,234,167.350834
0.855859,164,168.403874
0.835645,187,169.299122
0.947266,60,169.728389
0.570215,489,172.061663
0.969238,35,172.39077
0.960449,45,172.529008
0.953418,53,172.682896
0.948145,59,173.143594
0.938477,70,173.33739
0.768848,263,174.838877
0.930566,79,175.097536
0.738965,297,176.562204
0.914746,97,177.126417
0.775879,255,178.416088
0.932324,77,178.945787
0.92793,82,179.193312
0.816309,209,180.325913
0.931445,78,180.831141
0.695898,346,182.391682
0.83916,183,183.457451
0.864648,154,184.16896
0.68623,357,186.033909
0.961328,44,186.171619
0.280176,819,190.543327
0.961328,44,190.695449
0.578125,480,193.254936
0.963086,42,193.386844
0.944629,63,193.824756
0.904199,109,194.197148
0.799609,228,195.520863
0.974512,29,195.605479
0.774121,257,196.950609
0.90332,110,197.541949
0.690625,352,199.393573
0.777637,253,200.723005
0.843555,178,201.551256
0.709961,330,203.414008
0.971875,32,203.507331
0.956934,49,203.879869
0.972754,31,204.007797
0.87168,146,204.72638
0.894531,120,205.335274
0.753027,281,206.737982
0.970996,33,206.853437
0.912109,100,207.4747
0.961328,44,207.595776
0.97627,27,207.922961
0.542969,520,210.523578
0.881348,135,211.220287
0.741602,294,212.632558
0.676562,368,214.524114
0.973633,30,214.61022
0.811914,214,215.772323
0.825977,198,216.632411
0.867285,151,217.56637
0.974512,29,217.665928
0.949023,58,217.835599
0.963086,42,218.201995
0.94375,64,218.413659
0.963965,41,218.532828
0.944629,63,218.983402
0.613281,440,221.143423
0.872559,145,221.852036
0.898047,116,222.46189
0.59043,466,224.905513
0.40498,677,228.320314
0.916504,95,228.83125
0.920898,90,229.413506
0.914746,97,229.904611
0.878711,138,230.587036
0.900684,113,230.926712
0.973633,30,231.263677
0.745996,289,232.648769
0.93584,73,233.130958
0.931445,78,233.390223
0.915625,96,233.921982
0.829492,194,234.753288
0.972754,31,235.103585
0.969238,35,235.219103
0.958691,47,235.361013
0.96748,37,235.720953
0.755664,278,237.129026
0.925293,85,237.407016
0.947266,60,237.858222
0.96748,37,237.969995
0.834766,188,239.109477
0.696777,345,240.662954
0.934082,75,241.151921
0.789941,239,242.398221
0.900684,113,242.988814
0.864648,154,243.711619
0.974512,29,243.797518
0.808398,218,244.994219
0.940234,68,245.193962
0.952539,54,245.631635
0.755664,278,247.013245
0.972754,31,247.101599
0.858496,161,247.816473
0.627344,424,250.159096
0.893652,121,250.800379
0.618555,434,252.946459
0.921777,89,253.520896
0.818066,207,254.470369
0.973633,30,254.819029
0.918262,93,255.11529
0.955176,51,255.541277
0.877832,139,256.199825
0.84707,174,256.997229
0.973633,30,257.089823
0.702051,339,258.878818
0.975391,28,258.960152
0.83125,192,260.058357
0.912109,100,260.575026
0.524512,541,263.27859
0.862891,156,264.045213
0.949023,58,264.21384
0.953418,53,264.650218
0.971875,32,264.751844
0.838281,184,265.848701
0.83916,183,266.698542
0.804004,223,267.963492
0.930566,79,268.203428
0.484961,586,271.312822
0.824219,200,272.35906
0.961328,44,272.538868
0.890137,125,273.141623
0.883984,132,273.851037
0.719629,319,275.376067
0.969238,35,275.738969
0.833008,190,276.548401
0.92002,91,277.104878
0.956934,49,277.245429
0.90332,110,277.813796
0.709082,331,279.670339
0.740723,295,281.086895
0.704687,336,282.868211
0.920898,90,283.166044
0.86377,155,284.155635
0.599219,456,286.374552
0.87168,146,287.038639
0.70293,338,288.804749
0.934082,75,289.045977
0.96748,37,289.413281
0.97627,27,289.494966
0.70293,338,291.274508
0.817187,208,292.17177
0.83125,192,293.352726
0.813672,212,294.275786
0.97627,27,294.588515
0.96748,37,294.724581
0.969238,35,294.827249
0.958691,47,294.966849
0.410254,671,298.483801
0.652832,395,300.478074
0.945508,62,300.69732
0.956055,50,301.108217
0.735449,301,302.56085
0.973633,30,302.648042
0.934082,75,303.131375
0.753027,281,304.546958
0.975391,28,304.631634
0.894531,120,305.292917
0.778516,252,306.608226
0.948145,59,307.039159
0.308301,787,310.999172
0.724023,314,312.473482
0.535937,528,315.24345
0.629102,422,317.575527
0.801367,226,318.573043
0.842676,179,319.715295
0.719629,319,321.202901
0.90332,110,321.823895
0.8875,128,322.442389
0.949902,57,322.845616
0.676562,368,324.712882
0.822461,202,325.606652
0.636133,414,327.58991
0.901563,112,328.194938
0.835645,187,329.254204
0.907715,105,329.571679
0.69502,347,331.394754
0.743359,292,332.761915
0.795215,233,334.02572
0.966602,38,334.372359
0.94375,64,334.591684
0.956934,49,334.736092
0.909473,103,335.295815
0.829492,194,336.38935
0.926172,84,336.63726
0.920898,90,337.158621
0.930566,79,337.671984
0.891895,123,338.291824
0.749512,285,339.660874
0.854102,166,340.414147
0.913867,98,340.969105
0.905078,108,341.554573
0.930566,79,341.800688
0.779395,251,343.04161
0.968359,36,343.39553
0.96748,37,343.515195
0.971875,32,343.607283
0.916504,95,344.127307
0.677441,367,345.972005
0.926172,84,346.44923
0.781152,249,347.520724
0.90332,110,348.149572
0.905957,107,348.716169
0.72666,311,350.509557
0.948145,59,350.710335
0.921777,89,351.21817
0.949023,58,351.395171
0.702051,339,353.245198
0.933203,76,353.466937
0.932324,77,353.954919
0.915625,96,354.479385
0.962207,43,354.626653
0.872559,145,355.327227
0.898047,116,355.929965
0.915625,96,356.477799
0.628223,423,358.626314
0.971875,32,358.725904
0.711719,328,360.613228
0.928809,81,361.100855
0.520117,546,363.851988
0.961328,44,363.991594
0.808398,218,365.200926
0.963965,41,365.319217
0.82334,201,366.531244
0.957812,48,366.674531
0.971875,32,366.999008
0.877832,139,367.705216
0.62998,421,369.816437
0.970996,33,369.911845
0.948145,59,370.334764
0.554395,507,373.021919
0.96748,37,373.16995
0.950781,56,373.334946
0.947266,60,373.7852
0.960449,45,373.919002
0.867285,151,374.631959
0.847949,173,375.683085
0.883105,133,376.344364
0.964844,40,376.473304
0.825098,199,377.568324
0.918262,93,377.876323
0.907715,105,378.533145
0.800488,227,379.736679
0.962207,43,379.861447
0.80752,219,381.010529
0.799609,228,382.22284
0.874316,143,382.88229
0.909473,103,383.405797
0.95957,46,383.547883
0.973633,30,383.638613
0.527148,538,386.269919
0.898926,115,386.871948
0.957812,48,387.275672
0.898926,115,387.880231
0.816309,209,388.785768
0.744238,291,390.199869
0.862891,156,391.157954
0.891895,123,391.78763
0.80752,219,392.697461
0.925293,85,393.202304
0.949902,57,393.369626
0.964844,40,393.747867
0.924414,86,394.007269
0.687988,355,395.920529
0.901563,112,396.525355
0.915625,96,397.084968
0.950781,56,397.262303
0.675684,369,399.219292
0.958691,47,399.571419
0.851465,169,400.358058
0.822461,202,401.217292
0.974512,29,401.562131
0.795215,233,402.817508
0.969238,35,402.97783
0.791699,237,404.215278
0.841797,180,405.095961
0.733691,303,406.582971
0.876953,140,407.329632
0.924414,86,407.871393
0.69502,347,409.764881
0.891895,123,410.418418
0.760059,273,411.751064
0.938477,70,412.175961
0.702051,339,413.801633
0.789062,240,415.113437
0.975391,28,415.1933
0.824219,200,416.458205
0.518359,548,419.085787
0.923535,87,419.628577
0.323242,770,423.811628
0.697656,344,425.346222
0.962207,43,425.790631
0.720508,318,427.265059
0.833887,189,428.361973
0.787305,242,429.654102
0.972754,31,429.751296
0.925293,85,430.236534
0.536816,527,432.939945
0.944629,63,433.13761
0.687988,355,434.96296
0.841797,180,435.748051
0.97627,27,436.065892
0.880469,136,436.719402
0.859375,160,437.472812
0.811914,214,438.590438
0.902441,111,438.954746
0.844434,177,440.00969
0.840039,182,440.826638
0.965723,39,441.180871
0.818066,207,442.097374
0.972754,31,442.18875
0.922656,88,442.670893
0.201953,908,447.136793
0.811035,215,448.310131
0.939355,69,448.520654
0.969238,35,448.887279
0.945508,62,449.08589
0.805762,221,450.278946
0.975391,28,450.364347
0.792578,236,451.564517
0.937598,71,452.072209
0.913867,98,452.418735
0.926172,84,452.93227
0.842676,179,453.726683
0.478809,593,456.758632
0.847949,173,457.537831
0.970996,33,457.875748
0.953418,53,458.08675
0.955176,51,458.241341
0.789941,239,459.491361
0.838281,184,460.558074
0.968359,36,460.677866
0.954297,52,460.832496
0.840039,182,461.950485
0.949023,58,462.128764
0.649316,399,464.133519
0.969238,35,464.539498
0.821582,203,465.424783
0.80752,219,466.558038
0.842676,179,467.422845
0.893652,121,468.059626
0.949902,57,468.48824
0.6625,384,470.460971
0.875195,142,471.170637
0.442773,634,474.302396
0.95957,46,474.443663
0.912109,100,474.986197
0.964844,40,475.100508
0.930566,79,475.578224
0.758301,275,476.930362
0.919141,92,477.463984
0.640527,409,479.596321
0.949023,58,479.764891
0.955176,51,480.165069
0.900684,113,480.752296
0.91123,101,481.059161
0.804883,222,482.186211
0.848828,172,483.225864
0.432227,646,486.579689
0.912109,100,486.917866
0.963086,42,487.318203
0.817187,208,488.233504
0.912109,100,488.808251
0.866406,152,489.552065
0.765332,267,490.920387
0.97627,27,491.237147
0.867285,151,491.972345
0.89541,119,492.563357
0.956934,49,492.721686
0.940234,68,493.176199
0.621191,431,495.344194
0.92793,82,495.840603
0.953418,53,496.019823
0.901563,112,496.626211
0.824219,200,497.503494
0.966602,38,497.883996
0.97627,27,497.968021
0.828613,195,498.769218
0.962207,43,499.126174
0.499902,569,502.139793
0.577246,481,504.653996
0.970117,34,504.755443
0.868164,150,505.480489
0.906836,106,506.038699
0.955176,51,506.450783
0.513086,554,509.198238
0.723145,315,510.736456
0.78291,247,512.021986
0.868164,150,512.994646
0.915625,96,513.323244
0.898926,115,513.951939
0.82334,201,515.106096
0.535937,528,517.809171
0.972754,31,517.900785
0.828613,195,519.010582
0.96748,37,519.128737
0.970996,33,519.225577
0.889258,126,519.840915
0.956934,49,520.234892
0.93584,73,520.466108
0.97627,27,520.546438
0.938477,70,521.009575
0.919141,92,521.52535
0.778516,252,522.8445
0.677441,367,524.503921
0.975391,28,524.857917
0.966602,38,524.994273
0.809277,217,526.14693
0.804883,222,527.104895
0.740723,295,528.807232
0.833008,190,529.674996
0.931445,78,530.186168
0.698535,343,531.96813
0.939355,69,532.218555
0.93584,73,532.690999
0.955176,51,532.859748
0.885742,130,533.563604
0.975391,28,533.649293
0.736328,300,535.302491
0.872559,145,536.023616
0.932324,77,536.254125
0.42959,649,539.574692
0.645801,403,541.860974
0.927051,83,542.130939
0.940234,68,542.618309
0.972754,31,542.716004
0.824219,200,543.818766
0.880469,136,544.488383
0.78291,247,545.731361
0.972754,31,545.87315
0.90332,110,546.422135
0.962207,43,546.569512
0.956055,50,546.714576
0.869922,148,547.657792
0.230078,876,551.862431
0.867285,151,552.81849
0.894531,120,553.213257
0.90332,110,553.848516
0.846191,175,554.839057
0.894531,120,555.422401
0.945508,62,555.616102
0.972754,31,555.716405
0.878711,138,556.366876
0.972754,31,556.708769
0.825098,199,557.550557
0.853223,167,558.547903
0.845313,176,559.392968
0.875195,142,560.076652
0.916504,95,560.591339
0.915625,96,561.10161
0.964844,40,561.270465
0.621191,431,563.371696
0.948145,59,563.790417
0.84707,174,564.675348
0.975391,28,564.761087
0.675684,369,566.714212
0.672168,373,568.629811
0.937598,71,569.077122
0.666895,379,571.109095
0.972754,31,571.221631
0.832129,191,572.049079
0.975391,28,572.131176
0.750391,284,573.766969
0.961328,44,573.905504
0.910352,102,574.494513
0.938477,70,574.72606
0.970996,33,575.092307
0.878711,138,575.829963
0.962207,43,575.976067
0.675684,369,577.930522
0.828613,195,578.790118
0.736328,300,580.484661
0.90332,110,581.061897
0.909473,103,581.377066
0.957812,48,581.782558
0.972754,31,581.874097
0.970996,33,581.971399
0.937598,71,582.389209
0.957812,48,582.530092
0.917383,94,583.113183
0.799609,228,584.317387
0.971875,32,584.412833
0.812793,213,585.604795
0.955176,51,585.793521
0.931445,78,586.273012
0.818945,206,587.176345
0.746875,288,588.961838
0.875195,142,589.68615
0.947266,60,589.901044
0.904199,109,590.48989
0.647559,401,592.483407
0.927051,83,593.06002
0.970996,33,593.16806
0.94375,64,593.595123
0.827734,196,594.502239
0.957812,48,594.647542
0.912988,99,595.163792
0.81543,210,596.295498
0.905957,107,596.889503
0.669531,376,598.808287
0.970117,34,598.926939
0.843555,178,599.768559
0.916504,95,600.303317
0.923535,87,600.794074
0.953418,53,600.976226
0.87168,146,601.735254
0.75918,274,603.122414
0.85498,165,604.146416
0.971875,32,604.245432
0,1024,609.494272
0.848828,172,610.248904
0.866406,152,610.938371
0.970117,34,611.295397
0.822461,202,612.139417
0.833887,189,613.195021
0.96748,37,613.308253
0.944629,63,613.798782
0.830371,193,614.647745
0.68623,357,616.521823
0.938477,70,616.745278
0.952539,54,617.178016
0.949023,58,617.351824
0.771484,260,618.631842
0.958691,47,619.083411
0.972754,31,619.19243
0.958691,47,619.354426
0.878711,138,620.052618
0.687988,355,621.872824
0.557031,504,624.418545
0.942871,65,624.906173
0.971875,32,625.00683
0.75127,283,626.427101
0.934082,75,626.914651
0.898926,115,627.563664
0.970117,34,627.69712
0.973633,30,627.797799
0.905957,107,628.387789
0.945508,62,628.575425
0.970117,34,628.93246
0.84707,174,629.799791
0.625586,426,631.86535
0.973633,30,632.191283
0.8875,128,632.82296
0.8875,128,633.450994
0.690625,352,635.102362
0.838281,184,636.179021
0.95166,55,636.342123
0.95166,55,636.746339
0.930566,79,637.015451
0.949023,58,637.461607
0.572852,486,639.674489
0.95166,55,640.123437
0.888379,127,640.77308
0.910352,102,641.31515
0.960449,45,641.459676
0.680957,363,643.365059
0.68623,357,645.181461
0.74248,293,646.615596
0.944629,63,646.800076
0.809277,217,647.978109
0.697656,344,649.740988
0.819824,205,650.657796
0.746875,288,652.360974
0.916504,95,652.650105
0.824219,200,653.787338
0.970996,33,653.884221
0.828613,195,654.997911
0.841797,180,655.820643
0.922656,88,656.354508
0.87168,146,657.070556
0.925293,85,657.58512
0.896289,118,658.185901
0.96748,37,658.309483
0.838281,184,659.145916
0.642285,407,661.426948
0.97627,27,661.551799
0.840039,182,662.352324
0.892773,122,662.992343
0.966602,38,663.103246
0.81543,210,664.223093
0.672168,373,666.206882
0.918262,93,666.751912
0.905957,107,667.301206
0.79082,238,668.332672
0.904199,109,668.893054
0.933203,76,669.35468
0.97627,27,669.436539
0.972754,31,669.530041
0.828613,195,670.654634
0.973633,30,670.74683
0.97627,27,670.833207
0.963086,42,671.18881
0.970117,34,671.300716
0.880469,136,671.987965
0.969238,35,672.094731
0.801367,226,673.340723
0.930566,79,673.853127
0.944629,63,674.078966
0.968359,36,674.191222
0.918262,93,674.75016
0.539453,524,677.418293
0.818945,206,678.612012
0.913867,98,679.153423
0.934961,74,679.422745
0.905957,107,679.994778
0.796094,232,681.257802
0.974512,29,681.349364
0.909473,103,681.980227
0.966602,38,682.097166
0.888379,127,682.723904
0.973633,30,682.811718
0.964844,40,683.173522
0.812793,213,684.105112
0.94375,64,684.55431
0.927051,83,684.808415
0.883984,132,685.437523
0.783789,246,686.710928
0.969238,35,687.065415
0.97627,27,687.152478
0.908594,104,687.708065
0.876953,140,688.408795
0.85498,165,689.14688
0.958691,47,689.292748
0.971875,32,689.647651
0.960449,45,689.801869
0.971875,32,689.903653
0.973633,30,690.212092
0.975391,28,690.325195
0.975391,28,690.415453
0.971875,32,690.514073
0.963086,42,690.86301
0.954297,52,691.06154
0.970996,33,691.157228
0.955176,51,691.61189
0.972754,31,691.727796
0.973633,30,691.821948
0.958691,47,691.965953
0.974512,29,692.329052
0.972754,31,692.437986
0.972754,31,692.530107
0.950781,56,692.965438
0.964844,40,693.13047
0.966602,38,693.258754
0.972754,31,693.383079
0.93584,73,693.912075
0.973633,30,694.010882
0.971875,32,694.104558
0.971875,32,694.444342
0.974512,29,694.533618
0.969238,35,694.639158
0.890137,125,695.289406
0.93584,73,695.784261
0.96748,37,695.896643
0.971875,32,696.000138
0.97627,27,696.294461
0.973633,30,696.428082
0.974512,29,696.517442
0.870801,147,697.242484
0.969238,35,697.345293
0.948145,59,697.800624
0.975391,28,697.8976
0.934961,74,698.403174
0.876074,141,699.082414
0.972754,31,699.172897
0.92002,91,699.689393
0.936719,72,699.919068
0.968359,36,700.281204
0.972754,31,700.409405
0.970117,34,700.50934
0.968359,36,700.614135
0.974512,29,700.925675
0.974512,29,701.017162
0.973633,30,701.109945
0.971875,32,701.209846
0.928809,81,701.702045
0.93584,73,702.140206
0.973633,30,702.272811
0.974512,29,702.358917
0.975391,28,702.440029
0.93584,73,702.921079
0.970117,34,703.025703
0.973633,30,703.114487
0.886621,129,703.759509
0.925293,85,704.298809
0.97627,27,704.389164
0.973633,30,704.491912
0.97627,27,704.784537
0.92002,91,705.087066
0.974512,29,705.38853
0.96748,37,705.53263
0.954297,52,705.683238
0.94375,64,706.118666
0.972754,31,706.214247
0.956055,50,706.361028
0.974512,29,706.677087
0.969238,35,706.809528
0.970117,34,706.914445
0.975391,28,706.999003
0.970996,33,707.348703
0.973633,30,707.470271
0.973633,30,707.571624
0.971875,32,707.6663
0.936719,72,708.170722
0.970117,34,708.286397
0.974512,29,708.372899
0.975391,28,708.684951
0.968359,36,708.823591
0.974512,29,708.913171
0.975391,28,708.993536
0.969238,35,709.32258
0.973633,30,709.438524
0.944629,63,709.628317
0.899805,114,710.218729
0.97627,27,710.307702
0.947266,60,710.744394
0.922656,88,711.238343
0.970117,34,711.36237
0.973633,30,711.456301
0.973633,30,711.545367
0.970996,33,711.883892
0.973633,30,711.997797
0.973633,30,712.089398
0.971875,32,712.182341
0.972754,31,712.49525
0.974512,29,712.626019
0.937598,71,712.839585
0.973633,30,713.161252
0.974512,29,713.289521
0.974512,29,713.376683
0.974512,29,713.460742
0.972754,31,713.550142
0.971875,32,713.895927
0.857617,162,714.705838
0.96748,37,714.814416
0.964844,40,715.158921
0.971875,32,715.273357
0.973633,30,715.361979
0.91123,101,715.889471
0.974512,29,715.97641
0.972754,31,716.076542
0.970996,33,716.483766
0.973633,30,716.601721
0.974512,29,716.689071
0.974512,29,716.775268
0.972754,31,717.093783
0.975391,28,717.199453
0.971875,32,717.294868
0.974512,29,717.379869
0.972754,31,717.471911
0.942871,65,717.940745
0.975391,28,718.024743
0.974512,29,718.109946
0.974512,29,718.455583
0.973633,30,718.565107
0.974512,29,718.652567
0.973633,30,718.7415
0.974512,29,719.110131
0.975391,28,719.235522
0.972754,31,719.331663
0.969238,35,719.438802
0.975391,28,719.524226
0.970117,34,719.912719
0.971875,32,720.00938
0.969238,35,720.112862
0.926172,84,720.636697
0.957812,48,720.780046
0.969238,35,721.125638
0.970117,34,721.256229
0.972754,31,721.356598
0.974512,29,721.444148
0.968359,36,721.872671
0.971875,32,721.988396
0.972754,31,722.080056
0.970996,33,722.176608
0.973633,30,722.50924
0.972754,31,722.641475
0.969238,35,722.745177
0.974512,29,722.829662
0.937598,71,723.32322
0.974512,29,723.410074
0.97627,27,723.491446
0.973633,30,723.889634
0.971875,32,724.008156
0.96748,37,724.130649
0.974512,29,724.214847
0.975391,28,724.545683
0.97627,27,724.638609
0.974512,29,724.73262
0.975391,28,724.813463
0.972754,31,724.901839
0.973633,30,725.243405
0.975391,28,725.337788
0.836523,186,726.159926
0.974512,29,726.555759
0.97627,27,726.658552
0.971875,32,726.754444
0.974512,29,726.838321
0.972754,31,727.140674
0.946387,61,727.362407
0.975391,28,727.444591
0.973633,30,727.53339
0.97627,27,727.86299
0.948145,59,728.061144
0.972754,31,728.151294
0.964844,40,728.498675
0.972754,31,728.59159
0.972754,31,728.680156
0.912988,99,729.225609
0.964844,40,729.350746
0.974512,29,729.434549
0.972754,31,729.787315
0.974512,29,729.882594
0.970996,33,729.97957
0.975391,28,730.062226
0.971875,32,730.403169
0.975391,28,730.498964
0.972754,31,730.596629
0.950781,56,730.98542
0.915625,96,731.296336
0.973633,30,731.60965
0.975391,28,731.703401
0.975391,28,731.786849
0.975391,28,731.867475
0.974512,29,731.952028
0.869043,149,732.916623
0.974512,29,733.024935
0.975391,28,733.109237
0.918262,93,733.627414
0.975391,28,733.723889
0.971875,32,733.831601
0.880469,136,734.514431
0.973633,30,734.823255
0.972754,31,734.941033
0.974512,29,735.041776
0.971875,32,735.134219
0.972754,31,735.225292
0.970117,34,735.589794
0.97627,27,735.672911
0.974512,29,735.75828
0.973633,30,735.846601
0.962207,43,736.262641
0.965723,39,736.382102
0.970996,33,736.481174
0.960449,45,736.89555
0.975391,28,736.991029
0.970117,34,737.08936
0.970996,33,737.185662
0.973633,30,737.552661
0.968359,36,737.66377
0.969238,35,737.769547
0.972754,31,737.865362
0.972754,31,738.229902
0.971875,32,738.334833
0.970996,33,738.431783
0.972754,31,738.523051
0.966602,38,738.902605
0.970996,33,739.01139
0.941992,66,739.421521
0.974512,29,739.54306
0.974512,29,739.642116
0.975391,28,739.725835
0.974512,29,739.816027
0.97627,27,740.155649
0.973633,30,740.272491
0.971875,32,740.367652
0.970996,33,740.463988
0.975391,28,740.779626
0.972754,31,740.901919
0.973633,30,740.993257
0.974512,29,741.079233
0.971875,32,741.413493
0.975391,28,741.523803
0.974512,29,741.624534
0.921777,89,742.156107
0.975391,28,742.248001
0.973633,30,742.33633
0.763574,269,743.647524
0.97627,27,743.725661
0.973633,30,744.047
0.94375,64,744.249482
0.915625,96,744.7995
0.940234,68,745.03062
0.973633,30,745.40978
0.974512,29,745.531978
0.97627,27,745.634812
0.973633,30,745.726024
0.973633,30,746.060518
0.974512,29,746.186891
0.974512,29,746.27731
0.97627,27,746.357438
0.946387,61,746.775079
0.97627,27,746.867647
0.974512,29,746.964113
0.945508,62,747.413962
0.972754,31,747.534899
0.97627,27,747.626399
0.975391,28,747.711653
0.946387,61,748.144421
0.883105,133,748.85495
0.974512,29,748.94246
0.974512,29,749.033005
0.975391,28,749.346735
0.975391,28,749.470816
0.973633,30,749.559996
0.968359,36,749.664256
0.974512,29,749.748884
0.944629,63,750.212719
0.86377,155,750.964746
0.974512,29,751.05
0.971875,32,751.368402
0.918262,93,751.652322
0.974512,29,751.972593
0.974512,29,752.09284
0.974512,29,752.184375
0.974512,29,752.274512
0.975391,28,752.577929
0.975391,28,752.699705
0.972754,31,752.794747
0.975391,28,752.876832
0.974512,29,752.962428
0.971875,32,753.309243
0.975391,28,753.418017
0.975391,28,753.506851
0.975391,28,753.589408
0.975391,28,753.905999
0.973633,30,754.032044
0.974512,29,754.120713
0.975391,28,754.213008
0.968359,36,754.329395
0.972754,31,754.739169
0.973633,30,754.841172
0.975391,28,754.936031
0.974512,29,755.037396
0.920898,90,755.618193
0.975391,28,755.729084
0.974512,29,756.057674
0.973633,30,756.18362
0.97627,27,756.26405
0.975391,28,756.350826
0.975391,28,756.435355
0.965723,39,756.790919
0.944629,63,756.983528
0.886621,129,757.654506
0.974512,29,757.769655
0.97627,27,758.117026
0.973633,30,758.217203
0.974512,29,758.306035
0.974512,29,758.392581
0.974512,29,758.72237
0.97627,27,758.821964
0.972754,31,758.916156
0.974512,29,759.006981
0.974512,29,759.325522
0.973633,30,759.454757
0.974512,29,759.542562
0.910352,102,760.091097
0.974512,29,760.180589
0.975391,28,760.263941
0.975391,28,760.353154
0.957812,48,760.792771
0.946387,61,760.999642
0.97627,27,761.089791
0.97627,27,761.424366
0.975391,28,761.514235
0.975391,28,761.597444
0.975391,28,761.68152
0.974512,29,762.009182
0.974512,29,762.134285
0.975391,28,762.224241
0.97627,27,762.303023
0.975391,28,762.385405
0.973633,30,762.731256
0.974512,29,762.822372
0.973633,30,762.909569
0.973633,30,763.000257
0.92002,91,763.550058
0.974512,29,763.635372
0.975391,28,763.947634
0.97627,27,764.061292
0.974512,29,764.156297
0.973633,30,764.256217
0.975391,28,764.341662
0.975391,28,764.674388
0.974512,29,764.770737
0.975391,28,764.852737
0.974512,29,764.938597
0.97627,27,765.243026
0.973633,30,765.369778
0.975391,28,765.458588
0.972754,31,765.551631
0.975391,28,765.636126
0.974512,29,765.987653
0.945508,62,766.216688
0.975391,28,766.312209
0.973633,30,766.639408
0.974512,29,766.748527
0.97627,27,766.830737
0.975391,28,766.91302
0.973633,30,767.21275
0.975391,28,767.333629
0.973633,30,767.425546
0.974512,29,767.508903
0.974512,29,767.59269
0.974512,29,767.935145
0.97627,27,768.033598
0.97627,27,768.113916
0.975391,28,768.202392
0.971875,32,768.521811
0.975391,28,768.651508
0.975391,28,768.741981
0.95957,46,768.882795
0.974512,29,769.199799
0.975391,28,769.313666
0.974512,29,769.39801
0.97627,27,769.476059
0.973633,30,769.563267
0.974512,29,769.895594
0.973633,30,769.987013
0.975391,28,770.068886
0.974512,29,770.154762
0.974512,29,770.470301
0.974512,29,770.563633
0.974512,29,770.657737
0.975391,28,770.747534
0.97627,27,770.827559
0.974512,29,771.14633
0.944629,63,771.347896
0.950781,56,771.769142
0.975391,28,771.900071
0.974512,29,772.00657
0.974512,29,772.095128
0.97627,27,772.388201
0.975391,28,772.518209
0.974512,29,772.610864
0.974512,29,772.696001
0.974512,29,772.781147
0.974512,29,773.119343
0.918262,93,773.425553
0.975391,28,773.741954
0.965723,39,773.864669
0.97627,27,773.945315
0.975391,28,774.034572
0.97627,27,774.336056
0.975391,28,774.459136
0.969238,35,774.578448
0.97627,27,774.657889
0.975391,28,774.741847
0.947266,60,775.190808
0.95957,46,775.324934
0.922656,88,775.861317
0.974512,29,775.948066
0.94375,64,776.400672
0.975391,28,776.495548
0.975391,28,776.586603
0.975391,28,776.683423
0.974512,29,777.007144
0.949902,57,777.24059
0.975391,28,777.321309
0.975391,28,777.406129
0.975391,28,777.715422
0.97627,27,777.800027
0.975391,28,777.900216
0.975391,28,777.986501
0.975391,28,778.292348
0.975391,28,778.421555
0.975391,28,778.517536
0.97627,27,778.598279
0.974512,29,778.688506
0.974512,29,779.053239
0.969238,35,779.164333
0.975391,28,779.253627
0.97627,27,779.333887
0.974512,29,779.66467
0.975391,28,779.786294
0.975391,28,779.87299
0.956934,49,780.015883
0.975391,28,780.345743
0.974512,29,780.467404
0.974512,29,780.560508
0.975391,28,780.64393
0.948145,59,781.088655
0.973633,30,781.184713
0.973633,30,781.275278
0.94375,64,781.762097
0.975391,28,781.845891
0.974512,29,781.930942
0.974512,29,782.016394
0.974512,29,782.357275
0.974512,29,782.462929
0.975391,28,782.546671
0.975391,28,782.627885
0.975391,28,782.712554
0.973633,30,783.077163
0.974512,29,783.182034
0.974512,29,783.279902
0.973633,30,783.369543
0.974512,29,783.772228
0.975391,28,783.878463
0.973633,30,783.966889
0.975391,28,784.058294
0.915625,96,784.608004
0.975391,28,784.690854
0.922656,88,785.230402
0.97627,27,785.309072
0.922656,88,785.842836
0.975391,28,785.94337
0.975391,28,786.029336
0.916504,95,786.58988
0.975391,28,786.678657
0.848828,172,787.751538
0.975391,28,787.848132
0.847949,173,788.637788
0.975391,28,788.720857
0.975391,28,789.070753
0.968359,36,789.183586
0.900684,113,789.812053
0.975391,28,789.897538
0.975391,28,789.978995
0.973633,30,790.067573
0.975391,28,790.417248
0.974512,29,790.526192
0.974512,29,790.611638
0.848828,172,791.40235
0.975391,28,791.742408
0.97627,27,791.841736
0.975391,28,791.939203
0.919141,92,792.476817
0.97627,27,792.556762
0.974512,29,792.645014
0.975391,28,792.733554
0.97627,27,793.07265
0.849707,171,793.929908
0.975391,28,794.012878
0.89541,119,794.639862
0.975391,28,794.723969
0.97627,27,795.053346
0.97627,27,795.138129
0.95166,55,795.301596
0.974512,29,795.39246
0.97627,27,795.74248
0.97627,27,795.833997
0.97627,27,795.924009
0.900684,113,796.540935
0.97627,27,796.622325
0.834766,188,797.702505
0.921777,89,797.992073
0.975391,28,798.316488
0.877832,139,799.013946
0.974512,29,799.103225
0.975391,28,799.188337
0.888379,127,799.858393
0.974512,29,799.944779
0.900684,113,800.596094
0.97627,27,800.675661
0.975391,28,801.002403
0.975391,28,801.101977
0.923535,87,801.592984
0.975391,28,801.713143
0.97627,27,801.798162
0.97627,27,801.877116
0.975391,28,801.971911
0.97627,27,802.281627
0.975391,28,802.373884
0.973633,30,802.467546
0.975391,28,802.551771
0.975391,28,802.850299
0.975391,28,802.968719
0.97627,27,803.061653
0.975391,28,803.143555
0.975391,28,803.225116
0.97627,27,803.611923
0.975391,28,803.719062
0.974512,29,803.807806
0.970996,33,803.909216
0.899805,114,804.571505
0.975391,28,804.659457
0.975391,28,805.004265
0.974512,29,805.118411
0.975391,28,805.201553
0.97627,27,805.28961
0.920898,90,805.814681
0.97627,27,805.893686
0.974512,29,805.994959
0.975391,28,806.408437
0.975391,28,806.504695
0.962207,43,806.63498
0.975391,28,806.717883
0.974512,29,807.052339
0.97627,27,807.14628
0.974512,29,807.243512
0.975391,28,807.339227
0.975391,28,807.717065
0.973633,30,807.85019
0.971875,32,807.948063
0.974512,29,808.032305
0.975391,28,808.117658
0.975391,28,808.462162
0.972754,31,808.581473
0.970117,34,808.698534
0.973633,30,808.790104
0.974512,29,809.118023
0.972754,31,809.214571
0.972754,31,809.305811
0.975391,28,809.388337
0.975391,28,809.709934
0.975391,28,809.831362
0.975391,28,809.920661
0.974512,29,810.007229
0.974512,29,810.09337
0.974512,29,810.41849
0.973633,30,810.528139
0.970996,33,810.624857
0.975391,28,810.709236
0.975391,28,811.103379
0.97627,27,811.208068
0.974512,29,811.293488
0.975391,28,811.374808
0.924414,86,811.924196
0.965723,39,812.039507
0.964844,40,812.386244
0.975391,28,812.490099
0.973633,30,812.579455
0.975391,28,812.668692
0.975391,28,812.75632
0.974512,29,813.088625
0.975391,28,813.183399
0.973633,30,813.270816
0.974512,29,813.357311
0.909473,103,813.965238
0.974512,29,814.053477
0.975391,28,814.379874
0.975391,28,814.481723
0.975391,28,814.568117
0.973633,30,814.658818
0.974512,29,814.751402
0.975391,28,815.095098
0.974512,29,815.205011
0.973633,30,815.302474
0.973633,30,815.393567
0.974512,29,815.737357
0.975391,28,815.835041
0.975391,28,815.918328
0.974512,29,816.003761
0.975391,28,816.306679
0.973633,30,816.442037
0.974512,29,816.532058
0.974512,29,816.619871
0.975391,28,816.703104
0.974512,29,817.050892
0.975391,28,817.154646
0.975391,28,817.237332
0.975391,28,817.32361
0.973633,30,817.644022
0.975391,28,817.73367
0.975391,28,817.821597
0.974512,29,817.91274
0.973633,30,818.002521
0.975391,28,818.332761
0.97627,27,818.415598
0.970996,33,818.516501
0.975391,28,818.604657
0.975391,28,818.919036
0.968359,36,819.062413
0.974512,29,819.166517
0.975391,28,819.251551
0.975391,28,819.572168
0.966602,38,819.730473
0.971875,32,819.825108
0.975391,28,819.907516
0.907715,105,820.487759
0.975391,28,820.570509
0.97627,27,820.940554
0.969238,35,821.080125
0.975391,28,821.163777
0.975391,28,821.245434
0.975391,28,821.328167
0.975391,28,821.655354
0.975391,28,821.749054
0.975391,28,821.84729
0.975391,28,821.936294
0.97627,27,822.24904
0.975391,28,822.370623
0.968359,36,822.481593
0.96748,37,822.597821
0.975391,28,822.99109
0.975391,28,823.095696
0.975391,28,823.185162
0.97627,27,823.265502
0.910352,102,823.84001
0.97627,27,823.923669
0.975391,28,824.009762
0.92002,91,824.566875
0.97627,27,824.645283
0.975391,28,824.959265
0.97627,27,825.067951
0.917383,94,825.604583
0.975391,28,825.719041
0.974512,29,825.808327
0.974512,29,825.89763
0.975391,28,825.982564
0.975391,28,826.309166
0.975391,28,826.415658
0.963086,42,826.548788
0.97627,27,826.628127
0.975391,28,826.954708
0.974512,29,827.045897
0.898047,116,827.640545
0.975391,28,827.743108
0.97627,27,827.831441
0.975391,28,827.913783
0.974512,29,828.235837
0.974512,29,828.337752
0.973633,30,828.426989
0.975391,28,828.509336
0.975391,28,828.595802
0.96748,37,828.977762
0.975391,28,829.061777
0.975391,28,829.145608
0.974512,29,829.234923
0.974512,29,829.585842
0.974512,29,829.677585
0.97627,27,829.755785
0.975391,28,829.837863
0.975391,28,830.190984
0.975391,28,830.308199
0.975391,28,830.39371
0.974512,29,830.481544
0.975391,28,830.564827
0.973633,30,830.913558
0.974512,29,831.01814
0.975391,28,831.100421
0.973633,30,831.190505
0.975391,28,831.520307
0.975391,28,831.63671
0.973633,30,831.736169
0.974512,29,831.825051
0.974512,29,831.918755
0.975391,28,832.329695
0.974512,29,832.422422
0.97627,27,832.502009
0.974512,29,832.587154
0.975391,28,832.936582
0.974512,29,833.051058
0.974512,29,833.13737
0.974512,29,833.22338
0.974512,29,833.312546
0.975391,28,833.658761
0.974512,29,833.748517
0.974512,29,833.833374
0.975391,28,833.914197
0.95166,55,834.350765
0.975391,28,834.443851
0.974512,29,834.535465
0.975391,28,834.61723
0.975391,28,834.941746
0.97627,27,835.033471
0.973633,30,835.124407
0.975391,28,835.218714
0.975391,28,835.555696
0.974512,29,835.678957
0.974512,29,835.768552
0.974512,29,835.861411
0.974512,29,835.950846
0.975391,28,836.31178
0.97627,27,836.391551
0.975391,28,836.474198
0.961328,44,836.604922
0.975391,28,836.928463
0.974512,29,837.021453
0.975391,28,837.108488
0.974512,29,837.207791
0.97627,27,837.529096
0.974512,29,837.655009
0.974512,29,837.755991
0.974512,29,837.850293
0.974512,29,837.936001
0.974512,29,838.280072
0.975391,28,838.370927
0.975391,28,838.454909
0.974512,29,838.539876
0.974512,29,838.860992
0.975391,28,838.973172
0.975391,28,839.058492
0.971875,32,839.152602
0.975391,28,839.235301
0.97627,27,839.586249
0.975391,28,839.681
0.97627,27,839.760406
0.974512,29,839.848984
0.97627,27,840.210177
0.975391,28,840.327452
0.973633,30,840.421815
0.975391,28,840.50639
0.975391,28,840.587152
0.975391,28,840.918732
0.975391,28,841.008001
0.975391,28,841.088165
0.974512,29,841.178319
0.974512,29,841.507644
0.97627,27,841.600775
0.974512,29,841.689489
0.975391,28,841.772745
0.975391,28,841.857925
0.975391,28,842.182813
0.97627,27,842.267022
0.975391,28,842.35075
0.920898,90,842.887882
0.975391,28,842.970059
0.974512,29,843.054404
0.974512,29,843.139546
0.975391,28,843.451631
0.900684,113,844.134561
0.975391,28,844.252897
0.97627,27,844.368761
0.975391,28,844.460783
0.975391,28,844.545163
0.97627,27,844.881662
0.909473,103,845.233027
0.971875,32,845.569905
0.975391,28,845.656838
0.918262,93,846.309136
0.890137,125,846.936075
0.974512,29,847.038323
0.975391,28,847.121833
0.92002,91,847.666578
0.918262,93,848.182763
0.975391,28,848.31275
0.975391,28,848.398963
0.975391,28,848.487113
0.975391,28,848.569234
0.974512,29,848.950154
0.974512,29,849.05379
0.973633,30,849.150572
0.975391,28,849.24273
0.975391,28,849.628986
0.975391,28,849.759563
0.975391,28,849.851143
0.97627,27,849.931456
0.924414,86,850.448249
0.975391,28,850.531332
0.975391,28,850.614554
0.975391,28,850.709895
0.975391,28,851.095526
0.97627,27,851.192656
0.975391,28,851.287864
0.97627,27,851.369977
0.975391,28,851.687822
0.97627,27,851.778499
0.97627,27,851.86469
0.975391,28,851.952577
0.975391,28,852.035916
0.975391,28,852.373816
0.974512,29,852.482613
0.97627,27,852.562368
0.974512,29,852.649471
0.975391,28,852.960131
0.97627,27,853.073449
0.974512,29,853.161165
0.973633,30,853.255462
0.974512,29,853.361612
0.975391,28,853.685115
0.907715,105,853.999881
0.97627,27,854.403371
0.975391,28,854.500381
0.97627,27,854.579094
0.97627,27,854.660683
0.974512,29,854.956263
0.975391,28,855.042908
0.97627,27,855.12159
0.97627,27,855.198506
0.975391,28,855.279704
0.975391,28,855.661783
0.796094,232,856.605323
0.975391,28,856.950627
0.975391,28,857.068451
0.915625,96,857.589637
0.974512,29,857.679648
0.975391,28,857.762645
0.975391,28,857.844523
0.97627,27,857.923648
0.97627,27,858.306041
0.975391,28,858.418155
0.975391,28,858.503973
0.975391,28,858.587248
0.975391,28,858.898569
0.975391,28,859.020698
0.97627,27,859.107505
0.97627,27,859.187408
0.975391,28,859.271625
0.975391,28,859.620574
0.928809,81,859.898993
0.97627,27,860.232362
0.97627,27,860.357045
0.975391,28,860.446885
0.97627,27,860.526838
0.975391,28,860.608917
0.97627,27,860.923952
0.918262,93,861.233386
0.97627,27,861.539747
0.915625,96,861.883398
0.97627,27,861.96205
0.97627,27,862.297401
0.97627,27,862.386624
0.830371,193,863.230898
0.97627,27,863.548388
0.97627,27,863.650018
0.97627,27,863.729778
0.97627,27,863.810226
0.856738,163,864.81818
0.761816,271,866.249479
0.97627,27,866.358194
0.97627,27,866.449009
0.975391,28,866.530674
0.97627,27,866.611096
0.97627,27,866.941464
0.97627,27,867.038198
0.949023,58,867.209435
0.97627,27,867.52279
0.97627,27,867.634376
0.97627,27,867.719482
0.960449,45,867.849813
0.97627,27,868.175287
0.97627,27,868.277533
0.97627,27,868.364097
0.97627,27,868.444534
0.816309,209,869.602714
0.97627,27,869.6842
0.97627,27,869.763799
0.97627,27,869.847583
0.859375,160,870.945461
0.97627,27,871.038198
0.95957,46,871.177596
0.97627,27,871.26422
0.97627,27,871.669759
0.972754,31,871.767734
0.975391,28,871.850295
0.97627,27,871.930553
0.97627,27,872.244336
0.975391,28,872.348359
0.97627,27,872.432503
0.94375,64,872.841084
0.97627,27,872.952672
0.957812,48,873.107749
0.975391,28,873.195623
0.97627,27,873.49005
0.97627,27,873.593409
0.97627,27,873.701034
0.97627,27,873.792748
0.97627,27,873.87248
0.97627,27,874.184315
0.975391,28,874.291004
0.832129,191,875.105154
0.97627,27,875.398551
0.975391,28,875.525807
0.975391,28,875.62431
0.97627,27,875.704342
0.97627,27,875.782243
0.904199,109,876.357614
0.974512,29,876.443268
0.97627,27,876.749379
0.975391,28,876.835241
0.97627,27,876.914502
0.945508,62,877.330675
0.97627,27,877.425974
0.97627,27,877.509541
0.964844,40,877.65038
0.975391,28,877.954272
0.97627,27,878.070247
0.97627,27,878.161334
0.919141,92,878.687011
0.975391,28,878.787909
0.97627,27,878.867017
0.97627,27,878.946188
0.97627,27,879.250708
0.961328,44,879.430647
0.97627,27,879.527823
0.97627,27,879.607309
0.701172,340,881.560219
0.975391,28,881.654894
0.97627,27,881.745782
0.883105,133,882.382513
0.97627,27,882.695884
0.97627,27,882.78894
0.97627,27,882.868554
0.97627,27,882.947916
0.97627,27,883.026582
0.938477,70,883.471488
0.97627,27,883.550254
0.975391,28,883.631779
0.975391,28,883.955789
0.96748,37,884.076284
0.97627,27,884.164588
0.924414,86,884.654112
0.97627,27,884.736488
0.97627,27,884.814592
0.962207,43,885.177058
0.97627,27,885.30242
0.96748,37,885.422017
0.91123,101,885.980439
0.97627,27,886.05848
0.97627,27,886.141081
0.975391,28,886.442015
0.971875,32,886.577469
0.975391,28,886.661676
0.564941,495,889.249288
0.926172,84,889.719357
0.97627,27,889.83737
0.97627,27,889.920729
0.97627,27,890.000545
0.97627,27,890.080501
0.97627,27,890.398853
0.97627,27,890.513084
0.97627,27,890.594058
0.97627,27,890.682629
0.97627,27,890.775189
0.97627,27,891.079976
0.97627,27,891.165574
0.97627,27,891.248253
0.97627,27,891.332346
0.752148,282,892.706524
0.971875,32,893.067792
0.97627,27,893.166865
0.912109,100,893.731846
0.97627,27,893.824316
0.971875,32,893.918346
0.97627,27,893.997651
0.97627,27,894.30726
0.97627,27,894.405307
0.97627,27,894.484956
0.97627,27,894.568393
0.975391,28,894.676411
0.97627,27,895.090471
0.97627,27,895.188256
0.97627,27,895.269237
0.97627,27,895.347736
0.97627,27,895.428093
0.97627,27,895.763354
0.975391,28,895.854964
0.97627,27,895.939214
0.975391,28,896.022542
0.975391,28,896.339523
0.97627,27,896.457612
0.948145,59,896.646919
0.975391,28,896.74264
0.97627,27,897.139329
0.97627,27,897.23602
0.97627,27,897.318238
0.975391,28,897.402847
0.97627,27,897.704799
0.97627,27,897.830235
0.97627,27,897.919026
0.97627,27,897.999351
0.968359,36,898.107836
0.97627,27,898.452753
0.975391,28,898.552651
0.975391,28,898.634983
0.971875,32,898.733973
0.97627,27,899.046448
0.97627,27,899.164522
0.960449,45,899.312849
0.97627,27,899.392507
0.97627,27,899.691365
0.975391,28,899.785146
0.975391,28,899.872241
0.97627,27,899.953365
0.97627,27,900.034097
0.97627,27,900.337923
0.934082,75,900.574059
0.975391,28,900.658848
0.97627,27,901.007056
0.97627,27,901.121749
0.97627,27,901.206912
0.975391,28,901.289677
0.952539,54,901.689809
0.97627,27,901.786211
0.97627,27,901.868912
0.97627,27,901.948321
0.97627,27,902.245388
0.953418,53,902.449389
0.965723,39,902.567878
0.97627,27,902.649786
0.910352,102,903.222596
0.97627,27,903.304991
0.968359,36,903.674513
0.975391,28,903.772748
0.75127,283,905.122679
0.897168,117,905.734965
0.97627,27,905.814456
0.975391,28,906.124606
0.97627,27,906.243287
0.97627,27,906.325565
0.97627,27,906.407511
0.97627,27,906.5068
0.975391,28,906.822675
0.975391,28,906.934769
0.975391,28,907.022588
0.974512,29,907.116256
0.97627,27,907.199075
0.975391,28,907.519527
0.975391,28,907.620163
0.975391,28,907.70267
0.975391,28,907.785957
0.975391,28,908.098826
0.975391,28,908.219696
0.975391,28,908.307357
0.975391,28,908.390843
0.975391,28,908.474796
0.975391,28,908.800299
0.975391,28,908.89481
0.975391,28,908.980252
0.975391,28,909.067249
0.975391,28,909.376834
0.975391,28,909.500193
0.97627,27,909.582051
0.974512,29,909.667637
0.975391,28,909.751231
0.974512,29,910.07602
0.963965,41,910.224485
0.974512,29,910.311329
0.974512,29,910.399198
0.975391,28,910.722661
0.975391,28,910.86144
0.975391,28,910.963797
0.975391,28,911.045915
0.975391,28,911.128164
0.975391,28,911.462107
0.974512,29,911.558847
0.974512,29,911.648305
0.973633,30,911.734797
0.974512,29,912.067162
0.974512,29,912.172436
0.975391,28,912.262372
0.975391,28,912.343982
0.974512,29,912.449774
0.97627,27,912.804654
0.975391,28,912.897718
0.973633,30,912.997914
0.975391,28,913.087847
0.906836,106,913.657147
0.975391,28,913.740967
0.975391,28,914.074776
0.97627,27,914.179634
0.973633,30,914.283233
0.975391,28,914.376382
0.975391,28,914.674609
0.975391,28,914.808363
0.975391,28,914.897834
0.975391,28,914.981705
0.975391,28,915.071618
0.975391,28,915.464139
0.975391,28,915.564125
0.97627,27,915.656044
0.963965,41,915.78702
0.975391,28,916.086254
0.97627,27,916.171254
0.974512,29,916.259276
0.974512,29,916.350159
0.974512,29,916.437841
0.974512,29,916.791573
0.975391,28,916.881366
0.975391,28,916.962756
0.975391,28,917.044479
0.975391,28,917.349972
0.975391,28,917.461045
0.974512,29,917.546539
0.974512,29,917.633254
0.974512,29,917.718545
0.974512,29,918.06425
0.973633,30,918.159447
0.975391,28,918.240982
0.973633,30,918.32791
0.969238,35,918.670247
0.975391,28,918.771001
0.975391,28,918.854632
0.975391,28,918.937768
0.975391,28,919.242498
0.97627,27,919.341876
0.97627,27,919.422288
0.975391,28,919.513037
0.974512,29,919.600204
0.975391,28,919.99151
0.975391,28,920.094912
0.970996,33,920.192027
0.97627,27,920.271153
0.921777,89,920.776626
0.974512,29,920.861969
0.975391,28,920.945103
0.975391,28,921.297694
0.97627,27,921.387308
0.97627,27,921.467239
0.975391,28,921.552811
0.975391,28,921.866353
0.97627,27,921.987798
0.975391,28,922.074223
0.975391,28,922.157316
0.974512,29,922.243299
0.975391,28,922.580716
0.973633,30,922.683464
0.974512,29,922.768467
0.975391,28,922.857312
0.975391,28,923.182832
0.974512,29,923.3169
0.974512,29,923.419817
0.974512,29,923.517658
0.975391,28,923.612276
0.973633,30,924.012608
0.973633,30,924.105642
0.973633,30,924.195651
0.974512,29,924.283145
0.975391,28,924.616898
0.975391,28,924.72321
0.974512,29,924.809728
0.972754,31,924.90346
0.973633,30,924.995557
0.974512,29,925.355247
0.973633,30,925.450022
0.974512,29,925.535641
0.968359,36,925.644084
0.972754,31,926.007052
0.974512,29,926.100412
0.974512,29,926.207925
0.974512,29,926.310627
0.975391,28,926.63321
0.974512,29,926.747045
0.974512,29,926.835159
0.974512,29,926.921324
0.974512,29,927.229003
0.974512,29,927.355014
0.975391,28,927.441565
0.975391,28,927.5254
0.974512,29,927.613744
0.975391,28,927.956604
0.974512,29,928.063402
0.974512,29,928.152925
0.974512,29,928.241688
0.974512,29,928.556889
0.975391,28,928.650388
0.97627,27,928.734976
0.975391,28,928.818927
0.975391,28,928.902683
0.974512,29,929.231081
0.921777,89,929.549942
0.975391,28,929.848998
0.975391,28,929.938039
0.975391,28,930.042976
0.974512,29,930.13748
0.975391,28,930.222967
0.97627,27,930.55907
0.97627,27,930.650256
0.97627,27,930.732221
0.975391,28,930.814266
0.975391,28,930.89756
0.975391,28,931.231855
0.97627,27,931.320681
0.975391,28,931.402913
0.97627,27,931.484839
0.975391,28,931.81058
0.974512,29,931.920202
0.975391,28,932.008663
0.975391,28,932.091355
0.975391,28,932.17475
0.975391,28,932.556376
0.974512,29,932.654929
0.975391,28,932.737468
0.975391,28,932.820557
0.975391,28,933.130919
0.975391,28,933.250081
0.97627,27,933.337006
0.975391,28,933.4201
0.975391,28,933.50228
0.975391,28,933.834719
0.975391,28,933.933348
0.974512,29,934.019988
0.97627,27,934.10181
0.97627,27,934.398117
0.975391,28,934.529417
0.975391,28,934.619101
0.97627,27,934.699921
0.975391,28,934.786474
0.974512,29,935.123975
0.97627,27,935.228664
0.97627,27,935.310746
0.97627,27,935.390685
0.97627,27,935.471
0.975391,28,935.811053
0.975391,28,935.919892
0.975391,28,936.009088
0.974512,29,936.096237
0.975391,28,936.411585
0.975391,28,936.523765
0.975391,28,936.607316
0.974512,29,936.696733
0.963086,42,937.061879
0.974512,29,937.185816
0.975391,28,937.270307
0.974512,29,937.355445
0.974512,29,937.44553
0.975391,28,937.779321
0.973633,30,937.880287
0.975391,28,937.966678
0.97627,27,938.04948
0.974512,29,938.366709
0.975391,28,938.485046
0.975391,28,938.570849
0.975391,28,938.654803
0.975391,28,938.738919
0.97627,27,939.060925
0.974512,29,939.160709
0.974512,29,939.248447
0.963965,41,939.371306
0.975391,28,939.684181
0.975391,28,939.786317
0.919141,92,940.293642
0.974512,29,940.4159
0.975391,28,940.501258
0.973633,30,940.593328
0.97627,27,940.673004
0.975391,28,941.047351
0.975391,28,941.148166
0.974512,29,941.232651
0.975391,28,941.314198
0.975391,28,941.623253
0.975391,28,941.738797
0.97627,27,941.821693
0.974512,29,941.907155
0.975391,28,941.990303
0.97627,27,942.332527
0.97627,27,942.429384
0.975391,28,942.512597
0.97627,27,942.591529
0.970996,33,942.918253
0.975391,28,943.011578
0.97627,27,943.105625
0.97627,27,943.188485
0.975391,28,943.275677
0.975391,28,943.609362
0.974512,29,943.717532
0.97627,27,943.800125
0.975391,28,943.882483
0.970996,33,944.208277
0.97627,27,944.328001
0.975391,28,944.416994
0.975391,28,944.501691
0.975391,28,944.586604
0.975391,28,944.915271
0.97627,27,945.010001
0.97627,27,945.091013
0.97627,27,945.171085
0.975391,28,945.256017
0.974512,29,945.588515
0.97627,27,945.673597
0.97627,27,945.754797
0.97627,27,945.836079
0.975391,28,946.152613
0.975391,28,946.252596
0.975391,28,946.355034
0.975391,28,946.466855
0.97627,27,946.567776
0.975391,28,946.90078
0.975391,28,947.008699
0.975391,28,947.106123
0.97627,27,947.200404
0.97627,27,947.283104
0.975391,28,947.624268
0.975391,28,947.743898
0.975391,28,947.844364
0.975391,28,947.939558
0.97627,27,948.315752
0.97627,27,948.408832
0.974512,29,948.502758
0.975391,28,948.597852
0.975391,28,948.680226
0.974512,29,949.07973
0.975391,28,949.172348
0.975391,28,949.254858
0.974512,29,949.340134
0.975391,28,949.651153
0.975391,28,949.770169
0.974512,29,949.862357
0.975391,28,949.946612
0.974512,29,950.033696
0.975391,28,950.374137
0.975391,28,950.47545
0.975391,28,950.557532
0.975391,28,950.645649
0.974512,29,950.953167
0.975391,28,951.06149
0.974512,29,951.157624
0.975391,28,951.241691
0.974512,29,951.327423
0.97627,27,951.659016
0.867285,151,952.404792
0.975391,28,952.48905
0.971875,32,952.58498
0.975391,28,952.905427
0.97627,27,953.035203
0.97627,27,953.133046
0.971875,32,953.228325
0.97627,27,953.307903
0.97627,27,953.629619
0.975391,28,953.719802
0.975391,28,953.803762
0.97627,27,953.883143
0.975391,28,953.974554
0.975391,28,954.304057
0.975391,28,954.391545
0.975391,28,954.472948
0.975391,28,954.558641
0.975391,28,954.897939
0.97627,27,955.015948
0.974512,29,955.112366
0.975391,28,955.194796
0.975391,28,955.277953
0.975391,28,955.612106
0.974512,29,955.739696
0.975391,28,955.838121
0.975391,28,955.930179
0.974512,29,956.249326
0.974512,29,956.356155
0.974512,29,956.442985
0.97627,27,956.521612
0.975391,28,956.602688
0.97627,27,956.927643
0.975391,28,957.026227
0.975391,28,957.109479
0.974512,29,957.203972
0.975391,28,957.505706
0.97627,27,957.589711
0.97627,27,957.672718
0.97627,27,957.7527
0.97627,27,957.833804
0.97627,27,958.153616
0.97627,27,958.261779
0.97627,27,958.345927
0.384766,700,962.004203
0.97627,27,962.353952
0.975391,28,962.444957
0.97627,27,962.525414
0.975391,28,962.609673
0.97627,27,962.922902
0.928809,81,963.202178
0.97627,27,963.28566
0.97627,27,963.616886
0.466504,607,966.551468
0.97627,27,966.863092
0.928809,81,967.170397
0.97627,27,967.258767
0.97627,27,967.582776
0.956934,49,967.753949
0.933203,76,968.269881
0,1024,973.42754
0.97627,27,973.507318
0,1024,978.690002
0,1024,983.823376
0,1024,989.032475
0,1024,994.01938
0,1024,999.021829
0,1024,1003.897601
0,1024,1008.759459
0,1024,1013.534386
0,1024,1018.549379
0,1024,1023.414304
0,1024,1028.339803
0,1024,1033.254402
0,1024,1038.153578
0,1024,1043.132372
0,1024,1048.077309
0,1024,1053.01614
0,1024,1057.891314
0,1024,1062.955053
0,1024,1067.891764
0,1024,1072.841479
0,1024,1077.746954
0,1024,1082.660819
0,1024,1087.561897
0,1024,1092.54315
0,1024,1097.472295
0,1024,1102.356009
0,1024,1107.277698
0,1024,1112.156917
0,1024,1117.06128
0,1024,1122.060448
0,1024,1127.016014
0,1024,1131.959096
0,1024,1136.927577
0,1024,1142.043404
0,1024,1146.892066
0,1024,1151.920356
0,1024,1156.751944
0,1024,1161.660948
0,1024,1166.579637
0,1024,1171.462407
0,1024,1176.486647
0,1024,1181.394577
0,1024,1186.294805
0,1024,1191.307496
0,1024,1196.240993
0,1024,1201.249051
0,1024,1206.285547
0,1024,1211.161906
0,1024,1215.970597
0,1024,1220.817445
0,1024,1225.890377
0,1024,1230.86352
0,1024,1235.906298
0,1024,1240.869178
0,1024,1245.9409
0,1024,1251.116349
0,1024,1256.44656
0,1024,1261.704255
0,1024,1266.930074
0,1024,1272.23591
0,1024,1277.38902
0,1024,1282.684211
0,1024,1287.935045
0,1024,1293.288516
0,1024,1298.493283
0,1024,1303.867809
0,1024,1309.064073
0,1024,1314.280247
0,1024,1319.63003
0,1024,1324.886254
0,1024,1330.0682
0,1024,1335.316347
0,1024,1340.715756
0,1024,1346.006027
0,1024,1351.226343
0,1024,1356.410478
0,1024,1361.667076
0,1024,1366.903315
0,1024,1372.3172
0,1024,1377.624579
0,1024,1382.87677
0,1024,1388.094484
0,1024,1393.404648
0,1024,1398.568644
0,1024,1403.752115
0,1024,1409.03775
0,1024,1414.392459
0,1024,1419.665361
0,1024,1425.083194
0,1024,1430.309867
0,1024,1435.562152
0,1024,1440.848342
0,1024,1446.152425
0,1024,1451.411465
0,1024,1456.739064
0,1024,1462.118275
0,1024,1467.243206
0,1024,1472.534734
0,1024,1477.844039
0,1024,1483.034344
0,1024,1488.308282
0,1024,1493.560914
0,1024,1498.927654
0,1024,1504.260811
0,1024,1509.457328
0,1024,1514.797666
0,1024,1520.083666
0,1024,1525.466854
0,1024,1530.885558
0,1024,1536.120743
0,1024,1541.430125
0,1024,1546.748133
0,1024,1552.051029
0,1024,1557.223814
0,1024,1562.527136
0,1024,1567.715945
0,1024,1572.948233
0,1024,1578.175949
0,1024,1583.44751
0,1024,1588.777271
0,1024,1593.990447
0,1024,1599.273438
0,1024,1604.509749
0,1024,1609.819316
0.502539,566,1612.646626
0,1024,1618.038409
0,1024,1623.349272
0,1024,1628.702427
0,1024,1634.023719
0,1024,1639.325955
0.579004,479,1641.88652
0,1024,1647.17177
0.647559,401,1649.127926
0.27666,823,1653.445454
0.739844,296,1654.945606
0.295996,801,1659.055151
0.247656,856,1663.567802
0.708203,332,1665.12105
0.828613,195,1666.23209
0.578125,480,1668.779376
0.848828,172,1669.665005
0.72666,311,1671.158879
0.856738,163,1672.179432
0.947266,60,1672.363905
0.722266,316,1674.18732
0.969238,35,1674.294981
0.423438,656,1677.790509
0.922656,88,1678.327298
0.891895,123,1679.022328
0.95957,46,1679.15959
0.842676,179,1679.951662
0.528027,537,1682.937968
0.891895,123,1683.544828
0.957812,48,1683.71477
0.79082,238,1684.965362
0.705566,335,1686.500741
0.960449,45,1686.908546
0.954297,52,1687.053907
0.629102,422,1689.329213
0.845313,176,1690.175982
0.913867,98,1690.702395
0.941113,67,1690.909271
0.881348,135,1691.563154
0.591309,465,1694.176211
0.827734,196,1695.024651
0.970117,34,1695.415817
0.948145,59,1695.629657
0.808398,218,1696.833066
0.867285,151,1697.557275
0.880469,136,1698.308567
0.95957,46,1698.454455
0.896289,118,1699.063151
0.492871,577,1702.148697
0.440137,637,1705.401305
0.47002,603,1708.518696
0.770605,261,1709.855877
0.95957,46,1710.009874
0.731934,305,1711.486206
0.836523,186,1712.614769
0.834766,188,1713.484906
0.82334,201,1714.621836
0.716113,323,1716.105501
0.929688,80,1716.590658
0.952539,54,1716.754303
0.748633,286,1718.39163
0.441895,635,1721.694041
0.496387,573,1724.627734
0.824219,200,1725.746203
0.934082,75,1725.983479
0.970117,34,1726.087067
0.797852,230,1727.314232
0.463867,610,1730.532493
0.867285,151,1731.282106
0.739844,296,1733.030777
0.852344,168,1733.850107
0.970117,34,1733.952087
0.478809,593,1737.098919
0.667773,378,1739.032245
0.211621,897,1743.47406
0.956055,50,1743.64452
0.79082,238,1744.930249
0.95957,46,1745.067483
0.71875,320,1746.837747
0.971875,32,1746.93384
0.944629,63,1747.427732
0.72666,311,1749.045843
0.892773,122,1749.695546
0.915625,96,1750.290352
0.867285,151,1750.989323
0.859375,160,1751.830002
0.907715,105,1752.425262
0.902441,111,1753.096162
0.455957,619,1756.276059
0.792578,236,1757.22686
0.963086,42,1757.629459
0.927051,83,1757.880142
0.933203,76,1758.371181
0.690625,352,1760.190744
0.965723,39,1760.308131
0.858496,161,1761.040329
0.699414,342,1763.014888
0.79082,238,1764.317909
0.564941,495,1766.89296
0.769727,262,1768.292955
0.440137,637,1771.442139
0.819824,205,1772.352548
0.929688,80,1772.855276
0.84707,174,1773.643366
0.649316,399,1775.62482
0.962207,43,1776.0037
0.934082,75,1776.222939
0.972754,31,1776.558426
0.916504,95,1776.854282
0.969238,35,1777.216203
0.953418,53,1777.383427
0.821582,203,1778.487618
0.696777,345,1780.066027
0.721387,317,1781.87611
0.956934,49,1782.023985
0.938477,70,1782.486786
0.825977,198,1783.353224
0.865527,153,1784.332299
0.657227,390,1786.311691
0.953418,53,1786.517616
0.960449,45,1786.651009
0.856738,163,1787.677216
0.973633,30,1787.795932
0.731055,306,1789.205539
0.919141,92,1789.753819
0.957812,48,1789.896782
0.727539,310,1791.689373
0.95166,55,1791.853962
0.83125,192,1792.961056
0.915625,96,1793.260317
0.811035,215,1794.531706
0.953418,53,1794.914552
0.553516,508,1797.319811
0.970117,34,1797.668647
0.696777,345,1799.220543
0.964844,40,1799.608752
0.806641,220,1800.552718
0.926172,84,1801.126521
0.737207,299,1802.563244
0.947266,60,1803.012805
0.741602,294,1804.406392
0.974512,29,1804.489819
0.897168,117,1805.161415
0.960449,45,1805.545159
0.966602,38,1805.665321
0.883984,132,1806.386788
0.897168,117,1807.001598
0.946387,61,1807.190132
0.847949,173,1808.38395
0.579004,479,1810.889647
0.955176,51,1811.091237
0.594824,461,1813.545527
0.781152,249,1814.591669
0.627344,424,1816.903535
0.824219,200,1817.739591
0.905957,107,1818.310145
0.84707,174,1819.408195
0.777637,253,1820.700707
0.90332,110,1821.052114
0.968359,36,1821.407592
0.754785,279,1822.79212
0.917383,94,1823.313689
0.941992,66,1823.54798
0.852344,168,1824.34019
0.956055,50,1824.79759
0.735449,301,1826.221505
0.862891,156,1826.957009
0.973633,30,1827.387395
0.816309,209,1828.362375
0.776758,254,1829.633398
0.753906,280,1831.079237
0.956934,49,1831.496266
0.965723,39,1831.609572
0.75127,283,1832.975412
0.816309,209,1834.21845
0.92002,91,1834.720406
0.940234,68,1834.92417
0.891016,124,1835.54056
0.650195,398,1837.497726
0.651074,397,1839.500376
0.90332,110,1840.110227
0.865527,153,1840.822378
0.781152,249,1842.071711
0.448047,628,1845.41278
0.850586,170,1846.416509
0.763574,269,1847.755046
0.876074,141,1848.414615
0.860254,159,1849.131907
0.956055,50,1849.279038
0.682715,361,1851.093748
0.968359,36,1851.424835
0.832129,191,1852.33569
0.826855,197,1853.475451
0.894531,120,1853.868645
0.948145,59,1854.320776
0.728418,309,1855.802871
0.921777,89,1856.397786
0.857617,162,1857.162642
0.860254,159,1858.104933
0.964844,40,1858.253198
0.789941,239,1859.486644
0.657227,390,1861.562088
0.960449,45,1861.700996
0.918262,93,1862.243825
0.67832,366,1864.079962
0.876074,141,1864.764056
0.76709,265,1866.070027
0.811914,214,1867.298857
0.767969,264,1868.657704
0.834766,188,1869.492055
0.477051,595,1872.581762
0.765332,267,1873.866717
0.869922,148,1874.578736
0.947266,60,1874.751548
0.658984,388,1876.992889
0.956934,49,1877.190942
0.586914,470,1879.586838
0.847949,173,1880.411292
0.93584,73,1880.630338
0.901563,112,1881.195297
0.745117,290,1882.844803
0.973633,30,1882.951696
0.966602,38,1883.069218
0.793457,235,1884.338936
0.973633,30,1884.42532
0.905957,107,1885.00213
0.961328,44,1885.129835
0.861133,158,1886.096561
0.904199,109,1886.432464
0.806641,220,1887.617739
0.752148,282,1889.024237
0.82334,201,1890.172597
0.970117,34,1890.269955
0.568457,491,1892.714496
0.542969,520,1895.405375
0.820703,204,1896.534336
0.843555,178,1897.435265
0.896289,118,1898.067027
0.964844,40,1898.184797
0.962207,43,1898.572302
0.948145,59,1898.753025
0.878711,138,1899.460943
0.941113,67,1899.919857
0.768848,263,1901.208006
0.886621,129,1901.827028
0.944629,63,1902.014886
0.889258,126,1902.677778
0.593066,463,1905.157598
0.868164,150,1905.864087
0.595703,460,1908.226928
0.947266,60,1908.464795
0.952539,54,1908.855107
0.875195,142,1909.685043
0.934082,75,1909.922659
0.974512,29,1910.016021
0.829492,194,1911.215666
0.789062,240,1912.432042
0.644922,404,1914.454401
0.938477,70,1914.908748
0.901563,112,1915.265383
0.96748,37,1915.633914
0.79082,238,1916.835289
0.973633,30,1916.92938
0.82334,201,1917.794695
0.85498,165,1918.862782
0.720508,318,1920.404758
0.973633,30,1920.495017
0.840918,181,1921.554348
0.896289,118,1922.177527
0.852344,168,1922.916208
0.925293,85,1923.437661
0.961328,44,1923.571725
0.952539,54,1923.954382
0.693262,349,1925.575763
0.858496,161,1926.287122
0.899805,114,1926.917326
0.972754,31,1927.252385
0.580762,477,1929.46639
0.898047,116,1930.08187
0.79082,238,1931.397953
0.713477,326,1933.256492
0.965723,39,1933.387497
0.862012,157,1934.119031
0.93584,73,1934.597748
0.851465,169,1935.411396
0.965723,39,1935.529211
0.973633,30,1935.840473
0.95957,46,1935.984841
0.854102,166,1936.87046
0.931445,78,1937.426616
0.973633,30,1937.513606
0.644922,404,1939.526367
0.865527,153,1940.231271
0.96748,37,1940.602489
0.579883,478,1942.871279
0.914746,97,1943.406666
0.974512,29,1943.493121
0.835645,187,1944.632528
0.971875,32,1944.739269
0.787305,242,1945.935699
0.971875,32,1946.029797
0.713477,326,1947.814649
0.92793,82,1948.27606
0.809277,217,1949.256443
0.855859,164,1949.994812
0.85498,165,1951.131901
0.862012,157,1951.85956
0.849707,171,1952.618593
0.975391,28,1952.914672
0.848828,172,1953.698234
0.898926,115,1954.379533
0,1024,1959.678791
0.673047,372,1961.663227
0.87168,146,1962.415177
0.59043,466,1964.565611
0.860254,159,1965.51162
0.958691,47,1965.653477
0.804883,222,1966.838098
0.974512,29,1966.921976
0.762695,270,1968.328862
0.503418,565,1971.296452
0.974512,29,1971.385266
0.846191,175,1972.144548
0.828613,195,1973.215696
0.830371,193,1974.059705
0.729297,308,1975.86269
0.873437,144,1976.610845
0.96748,37,1976.728419
0.756543,277,1978.092259
0.954297,52,1978.472775
0.775,256,1979.760885
0.816309,209,1980.66329
0.446289,630,1983.733513
0.645801,403,1985.847469
0.926172,84,1986.39939
0.922656,88,1986.949556
0.538574,525,1989.745564
0.925293,85,1990.010369
0.905078,108,1990.59636
0.898926,115,1991.20452
0.448926,627,1994.316297
0.401465,681,1997.725061
0.804883,222,1998.913375
0.899805,114,1999.535529
0.960449,45,1999.669046
0.963086,42,2000.031718
0.971875,32,2000.142064
0.800488,227,2001.30672
0.946387,61,2001.492667
0.965723,39,2001.611502
0.865527,153,2002.622855
0.973633,30,2002.71441
0.931445,78,2003.151087
0.956055,50,2003.337026
0.919141,92,2003.870668
0.81543,210,2004.852627
0.722266,316,2006.563737
0.968359,36,2006.683572
0.971875,32,2006.791628
0.589551,467,2009.352103
0.711719,328,2010.794748
0.754785,279,2012.376528
0.960449,45,2012.548357
0.795215,233,2013.736532
0.955176,51,2013.887282
0.797852,230,2015.094677
0.405859,676,2018.427053
0.858496,161,2019.361521
0.969238,35,2019.489535
0.735449,301,2020.902893
0.923535,87,2021.429932
0.835645,187,2022.246961
0.972754,31,2022.575387
0.891016,124,2023.310646
0.675684,369,2024.979339
0.668652,377,2026.96644
0.859375,160,2027.966567
0.926172,84,2028.266496
0.83916,183,2029.340949
0.426953,652,2032.539501
0.945508,62,2032.719355
0.912109,100,2033.276008
0.97627,27,2033.367421
0.891895,123,2034.025838
0.855859,164,2035.009027
0.842676,179,2035.872328
0.826855,197,2036.763498
0.966602,38,2037.175911
0.969238,35,2037.284768
0.681836,362,2039.173398
0.915625,96,2039.707542
0.93584,73,2039.942909
0.859375,160,2040.730434
0.949902,57,2041.148153
0.866406,152,2041.867304
0.962207,43,2041.993511
0.886621,129,2042.669479
0.961328,44,2043.036928
0.724023,314,2044.582237
0.883984,132,2045.228794
0.898926,115,2045.84672
0.758301,275,2047.23474
0.853223,167,2048.263707
0.494629,575,2051.074137
0.970996,33,2051.168069
0.923535,87,2051.65154
0.550879,511,2054.253782
0.805762,221,2055.443551
0.97627,27,2055.531828
0.966602,38,2055.642218
0.593945,462,2058.092234
0.865527,153,2058.824953
0.709082,331,2060.582689
0.819824,205,2061.454258
0.883105,133,2062.103959
0.889258,126,2062.755815
0.866406,152,2063.45489
0.786426,243,2064.709989
0.929688,80,2065.224492
0.972754,31,2065.3232
0.454199,621,2068.513335
0.78291,247,2069.774286
0.392676,691,2073.142473
0.956934,49,2073.565459
0.460352,614,2076.663276
0.966602,38,2076.802299
0.930566,79,2077.027979
0.910352,102,2077.578725
0.462988,611,2080.73857
0.974512,29,2080.829156
0.484082,587,2083.873254
0.921777,89,2084.367981
0.651074,397,2086.333241
0.945508,62,2086.538888
0.963965,41,2086.669863
0.952539,54,2087.112683
0.383887,701,2090.560179
0.891895,123,2091.175092
0.927051,83,2091.759497
0.953418,53,2091.917858
0.876074,141,2092.612603
0.586035,471,2095.093143
0.630859,420,2097.14379
0.913867,98,2097.698358
0.818066,207,2098.827932
0.934961,74,2099.047341
0.957812,48,2099.466447
0.894531,120,2100.082114
0.789941,239,2101.308357
0.942871,65,2101.561574
0.961328,44,2101.709012
0.84707,174,2102.749727
0.92002,91,2103.297508
0.753906,280,2104.779041
0.949023,58,2104.959414
0.968359,36,2105.072811
0.922656,88,2105.594385
0.850586,170,2106.34894
0.777637,253,2107.65445
0.852344,168,2108.724664
0.971875,32,2108.826546
0.95166,55,2108.991291
0.744238,291,2110.641168
0.905957,107,2111.196181
0.822461,202,2112.069367
0.920898,90,2112.645452
0.962207,43,2112.770091
0.970117,34,2112.869507
0.963965,41,2113.244327
0.806641,220,2114.153356
0.8875,128,2114.866747
0.941113,67,2115.299072
0.783789,246,2116.631542
0.906836,106,2117.213115
0.960449,45,2117.369366
0.942871,65,2117.802598
0.970996,33,2117.924863
0.659863,387,2119.845216
0.763574,269,2121.198545
0.960449,45,2121.327542
0.92002,91,2121.83697
0.905078,108,2122.451774
0.932324,77,2122.673573
0.965723,39,2123.050765
0.892773,122,2123.670393
0.964844,40,2123.805021
0.913867,98,2124.406389
0.915625,96,2124.920329
0.927051,83,2125.171824
0.581641,476,2127.5873
0.913867,98,2128.174301
0.781152,249,2129.506614
0.947266,60,2129.696251
0.97627,27,2129.777652
0.675684,369,2131.761744
0.916504,95,2132.308307
0.745117,290,2133.716899
0.929688,80,2134.205404
0.738086,298,2135.668351
0.957812,48,2136.041804
0.948145,59,2136.26891
0.721387,317,2137.743988
0.872559,145,2138.685111
0.868164,150,2139.414826
0.512207,555,2142.257659
0.613281,440,2144.577248
0.932324,77,2144.836577
0,1024,2150.02544
0.364551,723,2153.882963
0.860254,159,2154.594616
0.499902,569,2157.416
0.698535,343,2159.22581
0.842676,179,2160.23307
0.942871,65,2160.436625
0.908594,104,2161.0236
0.945508,62,2161.204741
0.920898,90,2161.796462
0.972754,31,2161.900033
0.683594,360,2163.751461
0.794336,234,2164.961395
0.813672,212,2166.104365
0.261719,840,2170.257601
0.448047,628,2173.352156
0.937598,71,2173.807906
0.789062,240,2175.00423
0.783789,246,2176.052541
0.625586,426,2178.383285
0.883984,132,2179.06201
0.783789,246,2180.259232
0.383887,701,2183.660992
0.931445,78,2184.123809
0.813672,212,2185.044637
0.956055,50,2185.530174
0.857617,162,2186.275788
0.775879,255,2187.644655
0.872559,145,2188.35578
0.793457,235,2189.559346
0.781152,249,2190.856194
0.963086,42,2190.980097
0.972754,31,2191.314411
0.974512,29,2191.428671
0.877832,139,2192.194767
0.919141,92,2192.724433
0.882227,134,2193.409929
0.949023,58,2193.589399
0.846191,175,2194.346901
0.960449,45,2194.75297
0.696777,345,2196.520898
0.456836,618,2199.657446
0.97627,27,2199.966902
0.762695,270,2201.26822
0.95166,55,2201.447026
0.958691,47,2201.582143
0.941992,66,2202.051764
0.800488,227,2203.298482
0.541211,522,2205.893997
0.941992,66,2206.085831
0.761816,271,2207.394135
0.97627,27,2207.729269
0.818066,207,2208.619003
0.938477,70,2209.071617
0.899805,114,2209.628958
0.821582,203,2210.511515
0.960449,45,2210.913494
0.969238,35,2211.025748
0.909473,103,2211.607968
0.95957,46,2211.747706
0.800488,227,2213.006044
0.684473,359,2214.838815
0.870801,147,2215.509005
0.933203,76,2215.774015
0.663379,383,2217.761939
0.873437,144,2218.793492
0.753027,281,2220.16868
0.737207,299,2221.564543
0.945508,62,2221.991546
0.775879,255,2223.254492
0.908594,104,2223.616867
0.218652,889,2228.164633
0.603613,451,2230.583054
0.966602,38,2230.696344
0.95957,46,2231.047931
0.96748,37,2231.189176
0.916504,95,2231.711707
0.883105,133,2232.37086
0.822461,202,2233.25224
0.946387,61,2233.685813
0.934961,74,2233.91779
0.942871,65,2234.367363
0.969238,35,2234.473977
0.97627,27,2234.55877
0.909473,103,2235.140112
0.463867,610,2238.240588
0.794336,234,2239.493799
0.95166,55,2239.680836
0.926172,84,2240.18671
0.805762,221,2241.152988
0.836523,186,2242.313397
0.944629,63,2242.505268
0.841797,180,2243.573893
0.578125,480,2246.116987
0.916504,95,2246.439702
0.973633,30,2246.529865
0.92002,91,2247.084653
0.913867,98,2247.637257
0.970996,33,2247.729462
0.502539,566,2250.788011
0.974512,29,2250.894002
0.913867,98,2251.434668
0.876953,140,2252.184271
0.794336,234,2253.403972
0.947266,60,2253.616243
0.883984,132,2254.321981
0.741602,294,2255.740173
0.963086,42,2256.12015
0.832129,191,2256.944734
0.741602,294,2258.355681
0.82334,201,2259.547493
0.91123,101,2260.088111
0.966602,38,2260.210334
0.593945,462,2262.619176
0.857617,162,2263.416355
0.956055,50,2263.578505
0.961328,44,2264.003986
0.87959,137,2264.683144
0.974512,29,2264.790908
0.931445,78,2265.286965
0.923535,87,2265.578332
0.927051,83,2266.089707
0.968359,36,2266.193706
0.926172,84,2266.701198
0.900684,113,2267.282029
0.528027,537,2269.996505
0.974512,29,2270.079943
0.944629,63,2270.487139
0.933203,76,2270.716491
0.917383,94,2271.298272
0.8875,128,2271.921158
0,1024,2277.118593
0.949902,57,2277.288648
0.825977,198,2278.367558
0.970996,33,2278.466433
0.773242,258,2279.825356
0.933203,76,2280.314738
0.898926,115,2280.86355
0.349609,740,2284.573013
0.97627,27,2284.656996
0.934961,74,2284.872737
0.708203,332,2286.66106
0.888379,127,2287.306636
0.892773,122,2287.891034
0.809277,217,2289.053404
0.971875,32,2289.164965
0.69502,347,2291.036709
0.360156,728,2294.479054
0.941992,66,2295.005209
0.690625,352,2296.802828
0.965723,39,2296.961282
0.858496,161,2297.693926
0.900684,113,2298.29429
0.969238,35,2298.396825
0.496387,573,2301.406253
0.947266,60,2301.599028
0.974512,29,2301.68458
0.947266,60,2302.099493
0.90332,110,2302.683551
0.872559,145,2303.367912
0.968359,36,2303.482009
0.906836,106,2304.069342
0.948145,59,2304.237475
0.964844,40,2304.604403
0.725781,312,2306.027645
0.854102,166,2306.837285
0.835645,187,2307.922644
0.963965,41,2308.04193
0.837402,185,2309.120457
0.94375,64,2309.315236
0.921777,89,2309.854977
0.96748,37,2309.970062
0.840039,182,2311.047013
0.948145,59,2311.236235
0.963965,41,2311.364625
0.975391,28,2311.679465
0.782031,248,2312.947699
0.902441,111,2313.313797
0.749512,285,2314.98801
0.891016,124,2315.620359
0.971875,32,2315.71965
0.965723,39,2315.832919
0.584277,473,2318.36586
0.916504,95,2318.869028
0.82334,201,2319.737463
0.953418,53,2320.209729
0.81543,210,2321.118791
0.881348,135,2321.797102
0.87959,137,2322.444667
0.659863,387,2324.358453
0.927051,83,2324.867952
0.924414,86,2325.398744
0.738965,297,2326.788522
0.920898,90,2327.316843
0.626465,425,2329.356237
0.930566,79,2329.836166
0.891016,124,2330.44724
0.929688,80,2330.712126
0.621191,431,2333.071826
0.743359,292,2334.53763
0.971875,32,2334.632695
0.973633,30,2334.724833
0.797852,230,2335.966705
0.825977,198,2337.119332
0.942871,65,2337.3338
0.867285,151,2338.027597
0.862012,157,2339.020064
0.950781,56,2339.239997
0.822461,202,2340.365834
0.963086,42,2340.500843
0.948145,59,2340.70597
0.701172,340,2342.497939
0.834766,188,2343.613177
0.95166,55,2343.812859
0.469141,604,2346.947626
0.923535,87,2347.21268
0.87959,137,2347.905038
0.898047,116,2348.509324
0.65459,393,2350.480991
0.870801,147,2351.370023
0.952539,54,2351.5541
0.907715,105,2352.152754
0.408496,673,2355.442989
0.878711,138,2356.1142
0.556152,505,2358.610681
0.864648,154,2359.337784
0.97627,27,2359.652475
0.966602,38,2359.808004
0.775,256,2361.084333
0.739844,296,2362.445894
0.963086,42,2362.575485
0.969238,35,2362.941149
0.941992,66,2363.136977
0.963086,42,2363.506386
0.909473,103,2363.835936
0.812793,213,2365.022532
0.97627,27,2365.104128
0.969238,35,2365.436304
0.929688,80,2365.698708
0.963965,41,2365.817461
0.722266,316,2367.61166
0.972754,31,2367.705049
0.862012,157,2368.458746
0.924414,86,2368.979534
0.817187,208,2370.141837
0.901563,112,2370.70036
0.826855,197,2371.576914
0.882227,134,2372.277803
0.818066,207,2373.441023
0.884863,131,2374.075945
0.632617,418,2376.177112
0.90332,110,2376.837359
0.962207,43,2376.966202
0.921777,89,2377.500869
0.975391,28,2377.587235
0.963965,41,2377.930776
0.947266,60,2378.160269
0.881348,135,2378.901379
0.601855,453,2381.244879
0.949902,57,2381.421395
0.889258,126,2382.101672
0.684473,359,2384.058202
0.926172,84,2384.310619
0.766211,266,2385.825324
0.697656,344,2387.419805
0.942871,65,2387.873484
0.371582,715,2391.372394
0.897168,117,2391.969937
0.868164,150,2392.674481
0.933203,76,2393.160963
0.91123,101,2393.776182
0.960449,45,2393.922235
0.885742,130,2394.575133
0.818945,206,2395.693604
0.970117,34,2395.797893
0.898926,115,2396.41621
0.966602,38,2396.531008
0.975391,28,2396.615169
0.960449,45,2397.022437
0.944629,63,2397.222277
0.938477,70,2397.681541
0.900684,113,2398.359519
0.784668,245,2399.646161
0.846191,175,2400.426888
0.941113,67,2400.853797
0.706445,334,2402.410526
0.919141,92,2402.933331
0.769727,262,2404.314564
0.658105,389,2406.403554
0.81543,210,2407.569957
0.962207,43,2407.742636
0.699414,342,2409.505545
0.950781,56,2409.670989
0.899805,114,2410.274257
0.81543,210,2411.396744
0.913867,98,2411.760745
0.974512,29,2412.076489
0.964844,40,2412.224027
0.840918,181,2412.993335
0.933203,76,2413.54468
0.845313,176,2414.393765
0.945508,62,2414.897434
0.810156,216,2415.792371
0.737207,299,2417.53936
0.812793,213,2418.476769
0.775879,255,2419.790868
0.968359,36,2420.146856
0.499023,570,2422.887872
0.549121,513,2425.441228
0.930566,79,2425.919405
0.937598,71,2426.127079
0.963086,42,2426.520123
0.385645,699,2429.93329
0.917383,94,2430.469033
0.949902,57,2430.655526
0.953418,53,2431.078442
0.968359,36,2431.207165
0.706445,334,2433.064461
0.969238,35,2433.201786
0.921777,89,2433.723925
0.753906,280,2435.227118
0.491113,579,2437.981417
0.873437,144,2438.665911
0.969238,35,2439.044729
0.613281,440,2441.17477
0.913867,98,2441.684383
0.905957,107,2442.266447
0.876953,140,2442.933944
0.932324,77,2443.172515
0.900684,113,2443.864898
0.838281,184,2444.924485
0.624707,427,2447.037788
0.896289,118,2447.643508
0.941113,67,2448.045031
0.740723,295,2449.497053
0.883984,132,2450.164081
0.615918,437,2452.29651
0.776758,254,2453.616826
0.966602,38,2453.953243
0.972754,31,2454.074572
0.972754,31,2454.170014
0.966602,38,2454.280628
0.746875,288,2455.901535
0.972754,31,2456.026483
0.553516,508,2458.612309
0.955176,51,2458.763959
0.965723,39,2459.092122
0.940234,68,2459.314005
0.805762,221,2460.560263
0.643164,406,2462.542006
0.778516,252,2463.916055
0.780273,250,2465.157653
0.744238,291,2466.521327
0.974512,29,2466.607255
0.889258,126,2467.251558
0.969238,35,2467.613041
0.922656,88,2467.903047
0.975391,28,2468.206945
0.840918,181,2469.086923
0.15625,960,2473.803876
0.451562,624,2477.069231
0.963965,41,2477.431625
0.727539,310,2478.885675
0.956055,50,2479.036647
0.810156,216,2480.224942
0.486719,584,2483.310665
0.825977,198,2484.225535
0.939355,69,2484.639815
0.973633,30,2484.726893
0.96748,37,2484.832475
0.906836,106,2485.394451
0.963965,41,2485.517965
0.905957,107,2486.118193
0.535059,529,2488.732176
0.666895,379,2490.670618
0.810156,216,2491.827357
0.62998,421,2493.86997
0.952539,54,2494.26178
0.637012,413,2496.27547
0.973633,30,2496.363274
0.693262,349,2498.286482
0.974512,29,2498.370642
0.950781,56,2498.774349
0.927051,83,2499.032802
0.936719,72,2499.499068
0.920898,90,2500.040401
0,1024,2505.268629
0.946387,61,2505.492398
0.826855,197,2506.563848
0.965723,39,2506.689867
0.962207,43,2506.823035
0.965723,39,2507.171454
0.970117,34,2507.293272
0.950781,56,2507.461142
0.969238,35,2507.565914
0.634375,416,2509.907331
0.910352,102,2510.447873
0.891016,124,2510.877654
0.535937,528,2513.691691
0.67041,375,2515.563224
0.968359,36,2515.679166
0.724902,313,2517.127887
0.874316,143,2517.802713
0.724902,313,2519.589115
0,1024,2524.821661
0.849707,171,2525.612223
0.85498,165,2526.377235
0.491992,578,2529.423302
0.832129,191,2530.249545
0.727539,310,2531.937104
0.69502,347,2533.888494
0.966602,38,2534.027156
0.948145,59,2534.207191
0.651074,397,2536.190446
0.965723,39,2536.584328
0.917383,94,2537.08657
0.739844,296,2538.552736
0.95957,46,2538.692052
0.694141,348,2540.565869
0.902441,111,2541.230731
0.880469,136,2541.879776
0.885742,130,2542.548055
0.83916,183,2543.410332
0.845313,176,2544.431144
0.969238,35,2544.5405
0.973633,30,2544.638147
0.945508,62,2545.142086
0.898047,116,2545.699113
0.737207,299,2547.137179
0.964844,40,2547.261297
0.940234,68,2547.751439
0.962207,43,2547.888016
0.878711,138,2548.556719
0.808398,218,2549.724572
0.933203,76,2549.945925
0.78291,247,2551.212887
0.96748,37,2551.560668
0.950781,56,2551.746439
0.596582,459,2554.147337
0.972754,31,2554.254325
0.826855,197,2555.117825
0.561426,499,2557.70807
0.817187,208,2558.827271
0.89541,119,2559.433128
0.818945,206,2560.520688
0.890137,125,2560.945878
0.664258,382,2562.915535
0.741602,294,2564.535837
0.754785,279,2565.857753
0.752148,282,2567.242269
0.867285,151,2567.95109
0.780273,250,2569.223043
0.927051,83,2569.737041
0.850586,170,2570.569088
0.974512,29,2570.667806
0.80752,219,2571.893781
0.869922,148,2572.561625
0.948145,59,2573.00555
0.87168,146,2573.720097
0.728418,309,2575.239769
0.778516,252,2576.496824
0.920898,90,2577.021293
0.804004,223,2578.28977
0.765332,267,2579.648244
0.724023,314,2581.099119
0.562305,498,2583.661628
0.921777,89,2584.156799
0.922656,88,2584.744245
0.876074,141,2585.488152
0.763574,269,2586.822121
0.881348,135,2587.474977
0.761816,271,2588.773628
0.78291,247,2590.08285
0.948145,59,2590.261572
0.89541,119,2590.864617
0.965723,39,2591.199207
0.609766,444,2593.298216
0.947266,60,2593.712604
0.692383,350,2595.25759
0.538574,525,2597.865744
0.867285,151,2598.863303
0.906836,106,2599.207977
0.842676,179,2600.316308
0.925293,85,2600.57075
0.938477,70,2601.02379
0.928809,81,2601.48436
0.900684,113,2602.030159
0.956055,50,2602.230892
0.934961,74,2602.446392
0.892773,122,2603.051605
0.925293,85,2603.538698
0.780273,250,2604.807803
0.970117,34,2604.908334
0.854102,166,2605.896808
0.786426,243,2607.132713
0.694141,348,2608.808269
0.970996,33,2608.919873
0.963086,42,2609.329354
0.95957,46,2609.463615
0.769727,262,2610.725339
0.846191,175,2611.810054
0.628223,423,2613.873194
0.965723,39,2613.987965
0.822461,202,2615.168245
0.747754,287,2616.552436
0.455078,620,2619.78098
0.974512,29,2619.863478
0.717871,321,2621.62854
0.797852,230,2622.707353
0.915625,96,2623.298327
0.787305,242,2624.510737
0.687988,355,2626.366767
0.937598,71,2626.629022
0.937598,71,2627.135518
0.970996,33,2627.231723
0.949902,57,2627.640841
0.912109,100,2627.958851
0.422559,657,2631.566539
0.841797,180,2632.37757
0.841797,180,2633.176542
0.970996,33,2633.504466
0.841797,180,2634.384271
0.825098,199,2635.539384
0.906836,106,2635.878765
0.916504,95,2636.398754
0.869922,148,2637.111656
0.862012,157,2638.033161
0.944629,63,2638.262916
0.804004,223,2639.429944
0.788184,241,2640.645537
0.95957,46,2640.792481
0.833008,190,2641.608218
0.97627,27,2641.953375
0.97627,27,2642.046287
0.778516,252,2643.336319
0.68623,357,2645.207975
0.713477,326,2646.715728
0.974512,29,2646.801429
0.96748,37,2647.169393
0.93584,73,2647.389646
0.969238,35,2647.719203
0.806641,220,2648.610753
0.897168,117,2649.234335
0.97627,27,2649.312441
0.941992,66,2649.75996
0.752148,282,2651.165325
0.717871,321,2652.861973
0.966602,38,2652.987808
0.72666,311,2654.467339
0.965723,39,2654.854129
0.723145,315,2656.325931
0.827734,196,2657.35793
0.906836,106,2657.669539
0.827734,196,2658.797673
0.963086,42,2658.926784
0.76709,265,2660.221162
0.680957,363,2662.122735
0.971875,32,2662.503007
0.83916,183,2663.342541
0.964844,40,2663.457821
0.952539,54,2663.924849
0.969238,35,2664.04533
0.75918,274,2665.415194
0.69502,347,2667.25072
0.972754,31,2667.347289
0.883984,132,2668.01816
0.69502,347,2669.820363
0.596582,459,2672.086123
0.970117,34,2672.431082
0.455078,620,2675.468073
0.915625,96,2675.999448
0.543848,519,2678.562515
0.405859,676,2682.176308
0.928809,81,2682.460643
0.95166,55,2682.870606
0.243262,861,2687.046161
0.891016,124,2687.660247
0.818066,207,2688.803727
0.972754,31,2688.893898
0.862012,157,2689.677344
0.869922,148,2690.644045
0.95957,46,2690.787747
0.970117,34,2690.889067
0.776758,254,2692.220251
0.858496,161,2692.960377
0.705566,335,2694.750401
0.818945,206,2695.882686
0.973633,30,2695.978016
0.97627,27,2696.101311
0.756543,277,2697.488608
0.897168,117,2698.115382
0.932324,77,2698.658499
0.889258,126,2699.307382
0.95957,46,2699.444469
0.514844,552,2702.12889
0.955176,51,2702.513281
0.791699,237,2703.745775
0.949023,58,2703.918412
0.498145,571,2706.803412
0.924414,86,2707.05639
0.869043,149,2707.775003
0.914746,97,2708.29047
0.795215,233,2709.510925
0.96748,37,2709.622054
0.71875,320,2711.420964
0.713477,326,2712.964571
0.975391,28,2713.26497
0.797852,230,2714.284473
0.533301,531,2717.08769
0.852344,168,2717.960624
0.60625,448,2720.05325
0.97627,27,2720.342614
0.711719,328,2721.923633
0.970996,33,2722.023735
0.95957,46,2722.413401
0.926172,84,2722.681182
0.893652,121,2723.311074
0.949023,58,2723.745986
0.842676,179,2724.531559
0.974512,29,2724.617875
0.919141,92,2725.17789
0.97627,27,2725.262671
0.676562,368,2727.27097
0.916504,95,2727.807784
0.712598,327,2729.297456
0.852344,168,2730.355745
0.775879,255,2731.641399
0.861133,158,2732.369907
0.87959,137,2733.017348
0.673047,372,2734.976823
0.79082,238,2736.21337
0.954297,52,2736.365686
0.862891,156,2737.137083
0,1024,2742.319441
0.885742,130,2743.210409
0.508691,559,2745.948396
0.97627,27,2746.029926
0.767969,264,2747.374518
0.71875,320,2749.070818
0.92002,91,2749.351578
0.905957,107,2749.930903
0.904199,109,2750.514924
0.637891,412,2752.499315
0.683594,360,2754.375322
0.891895,123,2754.996779
0.952539,54,2755.172735
0.949902,57,2755.606658
0.583398,474,2758.068419
0.444531,632,2761.21056
0.929688,80,2761.511079
0.963965,41,2761.631056
0.752148,282,2763.264339
0.941992,66,2763.498537
0.872559,145,2764.188467
0.945508,62,2764.642565
0.899805,114,2765.255523
0.811035,215,2766.150638
0.882227,134,2766.806524
0.913867,98,2767.364329
0.489355,581,2770.330453
0.970996,33,2770.429684
0.653711,394,2772.328418
0.905078,108,2772.877305
0.788184,241,2774.114181
0.781152,249,2775.386024
0.952539,54,2775.546062
0.904199,109,2776.162771
0.940234,68,2776.602194
0.969238,35,2776.743289
0.471777,601,2779.917984
0.753906,280,2781.454405
0.859375,160,2782.195055
0.853223,167,2783.033193
0.958691,47,2783.444275
0.956934,49,2783.604082
0.974512,29,2783.687249
0.913867,98,2784.228626
0.968359,36,2784.331644
0.858496,161,2785.236807
0.73457,302,2786.72455
0.918262,93,2787.21637
0.750391,284,2788.729275
0.945508,62,2788.935289
0.972754,31,2789.268908
0.937598,71,2789.502606
0.651953,396,2791.64301
0.899805,114,2792.217623
0.975391,28,2792.299245
0.80752,219,2793.47728
0.974512,29,2793.561671
0.735449,301,2795.20425
0.769727,262,2796.513346
0.969238,35,2796.619322
0.957812,48,2796.762122
0.286328,812,2801.221503
0.937598,71,2801.448323
0.862891,156,2802.171176
0.741602,294,2803.753911
0.912109,100,2804.309982
0.851465,169,2805.121637
0.737207,299,2806.557077
0.965723,39,2806.678198
0.844434,177,2807.717455
0.75127,283,2809.1161
0.55791,503,2811.678112
0.712598,327,2813.379606
0.8875,128,2814.036576
0.96748,37,2814.185885
0.745996,289,2815.621293
0.771484,260,2816.970733
0.812793,213,2818.104959
0.892773,122,2818.729454
0.2125,896,2823.464488
0.854102,166,2824.225532
0.799609,228,2825.420296
0.704687,336,2826.918226
0.484961,586,2829.950945
0.81543,210,2831.05573
0.908594,104,2831.37583
0.877832,139,2832.282667
0.795215,233,2833.209097
0.972754,31,2833.562055
0.975391,28,2833.670071
0.645801,403,2835.629911
0.87168,146,2836.321264
0.893652,121,2836.944083
0.908594,104,2837.533273
0.971875,32,2837.626871
0.963965,41,2837.74939
0.916504,95,2838.278389
0.859375,160,2839.012617
0.975391,28,2839.35555
0.538574,525,2842.036456
0.971875,32,2842.137643
0.79873,229,2843.379485
0.699414,342,2845.18349
0.581641,476,2847.374136
0.974512,29,2847.460161
0.8875,128,2848.115174
0.711719,328,2849.85314
0.868164,150,2850.5832
0.968359,36,2850.704144
0.913867,98,2851.24639
0.934082,75,2851.740704
0.60625,448,2853.859479
0.773242,258,2855.161627
0.956055,50,2855.569988
0.917383,94,2855.872778
0.961328,44,2856.256942
0.322363,771,2860.213699
0.956934,49,2860.3632
0.370703,716,2864.085537
0.531543,533,2866.835361
0.947266,60,2867.009865
0.972754,31,2867.349655
0.973633,30,2867.448045
0.961328,44,2867.576118
0.744238,291,2869.248635
0.956934,49,2869.460472
0.969238,35,2869.56196
0.875195,142,2870.266131
0.926172,84,2870.74138
0.799609,228,2871.94989
0.873437,144,2872.653715
0.792578,236,2873.885534
0.745996,289,2875.392556
0.87959,137,2876.067909
0.975391,28,2876.155656
0.975391,28,2876.239815
0.761816,271,2877.812554
0.799609,228,2878.779203
0.893652,121,2879.389734
0.692383,350,2881.220876
0.888379,127,2881.831282
0.95166,55,2881.991215
0.668652,377,2883.912868
0.299512,797,2888.060604
0.872559,145,2888.834465
0.928809,81,2889.085339
0.842676,179,2890.125165
0.79873,229,2891.333963
0.53418,530,2894.060669
0.569336,490,2896.5298
0.953418,53,2896.727542
0.974512,29,2896.812405
0.657227,390,2898.741889
0.825098,199,2899.898182
0.609766,444,2901.962223
0.975391,28,2902.055178
0.752148,282,2903.711377
0,1024,2908.812432
0.926172,84,2909.069784
0.917383,94,2909.611363
0.963086,42,2909.73085
0.932324,77,2910.214313
0.973633,30,2910.302252
0.86377,155,2911.032796
0.971875,32,2911.37641
0.963086,42,2911.51193
0.786426,243,2912.720671
0.948145,59,2912.90287
0.896289,118,2913.535332
0.747754,287,2915.141593
0.964844,40,2915.292269
0.76709,265,2916.605494
0.912109,100,2917.186007
0.85498,165,2917.97799
0.828613,195,2919.096477
0.968359,36,2919.246086
0.948145,59,2919.417911
0.793457,235,2920.658366
0.937598,71,2921.111074
0.83916,183,2921.936326
0.719629,319,2923.616981
0.890137,125,2924.251709
0.822461,202,2925.114089
0.801367,226,2926.305336
0.934082,75,2926.52355
0.775879,255,2927.796704
0.975391,28,2928.133393
0.838281,184,2928.965429
0.494629,575,2932.084886
0.931445,78,2932.369318
0.845313,176,2933.393445
0.894531,120,2934.014096
0.950781,56,2934.191266
0.899805,114,2934.776909
0.868164,150,2935.492924
0.811914,214,2936.653355
0.880469,136,2937.360702
0.745996,289,2938.760846
0.898047,116,2939.381826
0.709961,330,2941.213051
0.303027,793,2945.213723
0.834766,188,2946.042928
0.861133,158,2946.784992
0.972754,31,2947.124219
0.961328,44,2947.277592
0.971875,32,2947.376632
0.945508,62,2947.790338
0.945508,62,2947.977365
0.838281,184,2949.027777
0.820703,204,2949.940873
0.741602,294,2951.577499
0.81543,210,2952.503399
0.933203,76,2953.034394
0.861133,158,2953.764808
0.630859,420,2955.788851
0.937598,71,2956.264055
0.971875,32,2956.357976
0,1024,2961.517809
0.4375,640,2964.732696
0.837402,185,2965.811526
0.952539,54,2965.994924
0.818066,207,2967.15526
0.923535,87,2967.435034
0.96748,37,2967.816758
0.728418,309,2969.321295
0.717871,321,2970.819547
0.962207,43,2971.210445
0.676562,368,2973.005719
0.93584,73,2973.233242
0.930566,79,2973.751337
0.956934,49,2973.897867
0.971875,32,2974.214979
0.800488,227,2975.206394
0.846191,175,2976.283066
0.936719,72,2976.50695
0.927051,83,2977.001928
0.902441,111,2977.568144
0.899805,114,2978.163252
0.947266,60,2978.351219
0.956934,49,2978.493927
0.690625,352,2980.345084
0.960449,45,2980.713497
0.966602,38,2980.840412
0.849707,171,2981.594199
0.121973,999,2986.650274
0.762695,270,2988.010834
0.973633,30,2988.104798
0.963086,42,2988.480902
0.542969,520,2991.11145
0.968359,36,2991.224794
0.890137,125,2991.850657
0.776758,254,2993.170686
0.838281,184,2993.9957
0.966602,38,2994.366409
0.934961,74,2994.593883
0.735449,301,2996.372443
0.96748,37,2996.488737
0.955176,51,2996.649867
0.885742,130,2997.318475
0.96748,37,2997.669643
0.970996,33,2997.777791
0.59834,457,2999.998592
0.850586,170,3001.012364
0.649316,399,3003.040003
0.914746,97,3003.605483
0.739844,296,3004.991344
0.891016,124,3005.616937
0.767969,264,3006.943106
0.872559,145,3007.658497
0.829492,194,3008.827971
0.954297,52,3008.997607
0.642285,407,3010.979616
0.86377,155,3011.708075
0.971875,32,3012.061758
0.912109,100,3012.588375
0.121973,999,3017.40176
0.645801,403,3019.44401
0.87168,146,3020.422828
0.869043,149,3021.190803
0.92793,82,3021.429662
0.769727,262,3022.731663
0.894531,120,3023.359362
0.818945,206,3024.485054
0.960449,45,3024.620802
0.883105,133,3025.306252
0.721387,317,3027.021209
0.926172,84,3027.48401
0.843555,178,3028.31516
0.957812,48,3028.464813
0.947266,60,3028.86564
0.973633,30,3028.9525
0.963965,41,3029.071908
0.939355,69,3029.507965
0.904199,109,3030.177262
0.747754,287,3031.599718
0.947266,60,3031.785551
0.782031,248,3033.043075
0.762695,270,3034.368334
0.966602,38,3034.749021
0.764453,268,3036.087325
0.84707,174,3036.873075
0.761816,271,3038.21022
0.939355,69,3038.697028
0.928809,81,3039.168446
0.73457,302,3040.703887
0.82334,201,3041.570438
0.941113,67,3042.040628
0.85498,165,3042.800616
0.972754,31,3042.890293
0.800488,227,3044.092344
0.624707,427,3046.52744
0.956934,49,3046.685164
0.947266,60,3046.88466
0.876953,140,3047.854887
0.970996,33,3047.992936
0.412012,669,3051.482739
0.822461,202,3052.582417
0.583398,474,3054.785119
0.875195,142,3055.464718
0.937598,71,3055.926423
0.707324,333,3057.664763
0.971875,32,3057.795519
0.969238,35,3057.896967
0.948145,59,3058.297273
0.958691,47,3058.469843
0.222168,885,3062.937533
0.810156,216,3064.079929
0.622949,429,3066.176968
0.94375,64,3066.372113
0.8875,128,3067.003085
0.975391,28,3067.308818
0.92002,91,3067.630347
0.97627,27,3067.943554
0.884863,131,3068.583492
0.79873,229,3069.518538
0.975391,28,3069.834834
0.741602,294,3071.323437
0.922656,88,3071.810451
0.740723,295,3073.251881
0.848828,172,3074.023163
0.770605,261,3075.319299
0.968359,36,3075.63739
0.175586,938,3080.390845
0.963086,42,3080.510862
0.889258,126,3081.151604
0.913867,98,3081.704818
0.914746,97,3082.236572
0.852344,168,3083.027456
0.901563,112,3083.617272
0.963965,41,3083.738667
0.680078,364,3085.656893
0.835645,187,3086.529839
0.963086,42,3086.944787
0.954297,52,3087.099374
0.963086,42,3087.435168
0.72666,311,3088.958122
0.90332,110,3089.571921
0.946387,61,3089.778891
0.869043,149,3090.542251
0.916504,95,3091.077631
0.781152,249,3092.37523
0.915625,96,3092.926604
0.825098,199,3093.789246
0.801367,226,3095.002753
0.837402,185,3096.103318
0.735449,301,3097.564424
0.824219,200,3098.656951
0.504297,564,3101.461967
0.484082,587,3104.57306
0.949902,57,3104.763417
0.727539,310,3106.278475
0.764453,268,3107.838105
0.975391,28,3107.956578
0.796094,232,3109.126889
0.255566,847,3113.255608
0.955176,51,3113.705706
0.970117,34,3113.825465
0.920898,90,3114.302519
0.972754,31,3114.398698
0.516602,550,3117.156111
0.643164,406,3119.077999
0.687109,356,3120.90908
0.914746,97,3121.473761
0.966602,38,3121.57827
0.743359,292,3122.932344
0.974512,29,3123.249458
0.893652,121,3123.830328
0.868164,150,3124.56686
0.954297,52,3124.722483
0.960449,45,3124.853574
0.78291,247,3126.10005
0.939355,69,3126.557737
0.313574,781,3130.447283
0.872559,145,3131.205464
0.845313,176,3132.179889
0.972754,31,3132.302939
0.966602,38,3132.417208
0.869922,148,3133.132241
0.973633,30,3133.224346
0.695898,346,3135.036689
0.766211,266,3136.397366
0.963086,42,3136.736207
0.721387,317,3138.209151
0.829492,194,3139.251209
0.820703,204,3140.165877
0.669531,376,3142.085676
0.94375,64,3142.515692
0.741602,294,3143.92942
0.898047,116,3144.547387
0.696777,345,3146.326417
0.950781,56,3146.541987
0.851465,169,3147.291946
0.91123,101,3147.903137
0.973633,30,3147.992013
0.371582,715,3151.722457
0.853223,167,3152.465596
0.776758,254,3153.719479
0.970996,33,3153.815248
0.966602,38,3154.193414
0.926172,84,3154.443819
0.904199,109,3155.053652
0.941113,67,3155.499666
0.633496,417,3157.545758
0.975391,28,3157.629498
0.697656,344,3159.52501
0.850586,170,3160.294239
0.917383,94,3160.851786
0.965723,39,3160.976624
0.850586,170,3161.999689
0.8875,128,3162.695313
0.692383,350,3164.324014
0.957812,48,3164.734673
0.535059,529,3167.361801
0.924414,86,3167.854733
0.796973,231,3168.818949
0.551758,510,3171.389468
0.974512,29,3171.694379
0.826855,197,3172.592513
0.897168,117,3173.153713
0.97627,27,3173.234136
0.934082,75,3173.802451
0.960449,45,3173.928475
0.850586,170,3174.672501
0.848828,172,3175.741255
0.83125,192,3176.670266
0.946387,61,3177.101526
0.945508,62,3177.285161
0.958691,47,3177.667643
0.884863,131,3178.316182
0.884863,131,3178.94037
0.96748,37,3179.0494
0.883105,133,3179.724005
0.909473,103,3180.285391
